payment_id,model_type,model_id,allocated_amount,share,payment_amount,payment_reference,status,state,invoice_reference,created_at
747166,Invoice,4386,43.00,1,43.00,604647,success,completed,,2025-03-02 08:13:19+00
747166,Invoice,958977,43.00,1,43.00,604647,success,completed,AWSi01002,2025-03-02 08:47:42+00
747166,Order,6945,43.00,1,43.00,604647,success,completed,,2025-01-01 14:31:19+00
895944,Invoice,942107,10.43,1,10.43,6pvfczeh,success,completed,AWDi2336148,2025-01-12 13:57:58+00
895944,Invoice,943298,10.43,1,10.43,6pvfczeh,success,completed,AWDi2336281,2025-01-14 21:52:44+00
895944,Order,1134244,10.43,1,10.43,6pvfczeh,success,completed,,2025-01-12 18:51:31+00
895962,Invoice,942132,26.11,1,26.11,dct888re,success,completed,AWDi2336152,2025-01-12 13:58:58+00
895962,Invoice,942454,26.11,1,26.11,dct888re,success,completed,AWDi2336156,2025-01-14 17:46:19+00
895962,Order,1135779,26.11,1,26.11,dct888re,success,completed,,2025-01-12 18:53:44+00
903458,Invoice,948964,266.16,1,266.16,pay_474gk4p7msnutbqy56sp5v6i3a,success,completed,FREUi251284,2025-02-05 10:52:26+00
903458,Invoice,949584,266.16,1,266.16,pay_474gk4p7msnutbqy56sp5v6i3a,success,completed,FREUi251293,2025-02-10 19:25:03+00
903458,Order,1141769,266.16,1,266.16,pay_474gk4p7msnutbqy56sp5v6i3a,success,completed,,2025-03-06 19:26:09+00
903459,Invoice,948964,-57.31,1,-57.31,act_dwk2mdkdfx5uhfr5mfnsayczvu,success,completed,FREUi251284,2025-02-05 10:52:26+00
903459,Invoice,949584,-57.31,1,-57.31,act_dwk2mdkdfx5uhfr5mfnsayczvu,success,completed,FREUi251293,2025-02-10 19:25:03+00
903459,Order,1141769,-57.31,1,-57.31,act_dwk2mdkdfx5uhfr5mfnsayczvu,success,completed,,2025-03-06 19:26:09+00
904151,Invoice,949610,1584.50,1,1584.50,OO9T004205750117,success,completed,NLi251115,2025-02-10 19:25:51+00
904151,Invoice,951135,1584.50,1,1584.50,OO9T004205750117,success,completed,NLi251142,2025-02-13 09:53:49+00
904151,Order,1143471,1584.50,1,1584.50,OO9T004205750117,success,completed,,2025-02-13 09:52:06+00
904152,Invoice,949610,200.00,1,200.00,OO9T004212309835,success,completed,NLi251115,2025-02-10 19:25:51+00
904152,Invoice,951135,200.00,1,200.00,OO9T004212309835,success,completed,NLi251142,2025-02-13 09:53:49+00
904152,Order,1143471,200.00,1,200.00,OO9T004212309835,success,completed,,2025-02-13 09:52:06+00
905861,Invoice,951252,172.66,1,172.66,3W67263646942305L,success,completed,ATi251263,2025-02-13 12:44:43+00
905861,Invoice,952565,172.66,1,172.66,3W67263646942305L,success,completed,ATi251298,2025-02-19 10:56:24+00
905861,Invoice,952578,172.66,1,172.66,3W67263646942305L,success,completed,ATi251299,2025-02-19 11:16:10+00
905861,Order,1144753,172.66,1,172.66,3W67263646942305L,success,completed,,2025-02-13 08:25:31+00
906089,Invoice,951505,111.46,1,111.46,pay_eyh2ginkx7bulostj7dewe5iee,success,completed,GBi2352530,2025-02-14 12:23:05+00
906089,Invoice,951508,111.46,1,111.46,pay_eyh2ginkx7bulostj7dewe5iee,success,completed,GBi2352531,2025-02-14 12:28:12+00
906089,Order,1132621,111.46,1,111.46,pay_eyh2ginkx7bulostj7dewe5iee,success,completed,,2025-02-13 17:22:46+00
906560,Invoice,951855,79.63,1,79.63,pay_d7k5rklkbxiuvbc5eiuinbd6nm,success,completed,DEUi251416,2025-02-17 13:41:04+00
906560,Invoice,984911,79.63,1,79.63,pay_d7k5rklkbxiuvbc5eiuinbd6nm,success,completed,DEUi251596,2025-03-14 08:45:56+00
906560,Order,404034,79.63,1,79.63,pay_d7k5rklkbxiuvbc5eiuinbd6nm,success,completed,,2025-02-15 14:55:47+00
907421,Invoice,952635,123.32,1,123.32,pay_3z74kr3gyhye3g7qr7osl4nddi,success,completed,ARi229395,2025-02-19 12:38:35+00
907421,Invoice,957709,123.32,1,123.32,pay_3z74kr3gyhye3g7qr7osl4nddi,success,completed,ARi229469,2025-02-25 15:42:16+00
907421,Order,1137693,123.32,1,123.32,pay_3z74kr3gyhye3g7qr7osl4nddi,success,completed,,2025-02-18 12:50:14+00
907790,Invoice,953087,18.23,1,18.23,d2jbhebv,success,completed,AWDi2338078,2025-02-21 10:31:46+00
907790,Invoice,987219,18.23,1,18.23,d2jbhebv,success,completed,AWDi2339713,2025-03-24 11:42:55+00
907790,Order,1146878,18.23,1,18.23,d2jbhebv,success,completed,,2025-02-19 13:43:32+00
908265,Invoice,953096,-65.33,1,-65.33,act_eaqjr4i5a3zuhngnf3i4r6utj4,success,completed,GB2304659R,2025-02-21 10:47:22+00
908265,Invoice,953097,-65.33,1,-65.33,act_eaqjr4i5a3zuhngnf3i4r6utj4,success,completed,,2025-02-21 10:47:22+00
908763,Invoice,953434,5.68,1,5.68,pay_ffurboelsbaexev3jzica7vi2e,success,completed,AWDi2338172,2025-02-24 10:34:40+00
908763,Invoice,953499,5.68,1,5.68,pay_ffurboelsbaexev3jzica7vi2e,success,completed,AWDi2338199,2025-02-24 11:58:32+00
908763,Order,1148183,5.68,1,5.68,pay_ffurboelsbaexev3jzica7vi2e,success,completed,,2025-02-23 22:50:44+00
908934,Invoice,957410,34.38,1,34.38,pay_sw24ckpkyihuhppovumcblc25i,success,completed,DEUi251465,2025-02-25 07:58:55+00
908934,Invoice,984914,34.38,1,34.38,pay_sw24ckpkyihuhppovumcblc25i,success,completed,DEUi251597,2025-03-14 08:49:58+00
908934,Order,1148327,34.38,1,34.38,pay_sw24ckpkyihuhppovumcblc25i,success,completed,,2025-02-24 11:19:55+00
909334,Invoice,958031,254.24,1,254.24,0CU05573MG895723M,success,completed,ITi251405,2025-02-26 12:43:47+00
909334,Invoice,958057,254.24,1,254.24,0CU05573MG895723M,success,completed,ITi251407,2025-02-26 13:09:39+00
909334,Order,1148763,254.24,1,254.24,0CU05573MG895723M,success,completed,,2025-02-25 10:54:18+00
909580,Invoice,957751,63.27,1,63.27,#5ZKA8KB5BT,success,cancelled,EUi251787,2025-02-26 07:23:33+00
909580,Invoice,957754,63.27,1,63.27,#5ZKA8KB5BT,success,cancelled,EUi251788,2025-02-26 07:24:57+00
909580,Order,1148464,63.27,1,63.27,#5ZKA8KB5BT,success,cancelled,,2025-02-26 07:23:37+00
909704,Invoice,958309,21.72,1,21.72,pay_gfl5zcemk4ouxe7fmlyat6jilm,success,completed,AWDi2338370,2025-02-27 09:52:12+00
909704,Invoice,958320,21.72,1,21.72,pay_gfl5zcemk4ouxe7fmlyat6jilm,success,completed,AWDi2338373,2025-02-27 09:58:48+00
909704,Order,1149185,21.72,1,21.72,pay_gfl5zcemk4ouxe7fmlyat6jilm,success,completed,,2025-02-26 11:38:54+00
909738,Invoice,958031,-1.72,1,-1.72,35990,success,cancelled,ITi251405,2025-02-26 12:43:47+00
909738,Invoice,958057,-1.72,1,-1.72,35990,success,cancelled,ITi251407,2025-02-26 13:09:39+00
909738,Order,1148763,-1.72,1,-1.72,35990,success,cancelled,,2025-02-26 12:41:04+00
909766,Invoice,958305,9.56,1,9.56,pay_e57kgpeohbuu5gkuc3dfxc5n3q,success,completed,AWDi2338367,2025-02-27 09:50:37+00
909766,Invoice,958367,9.56,1,9.56,pay_e57kgpeohbuu5gkuc3dfxc5n3q,success,completed,AWDi2338380,2025-02-27 10:38:55+00
909766,Order,1149018,9.56,1,9.56,pay_e57kgpeohbuu5gkuc3dfxc5n3q,success,completed,,2025-02-26 13:11:57+00
910354,Invoice,958728,2300.07,1,2300.07,#1434640382,success,completed,PLi251762,2025-02-28 13:18:47+00
910354,Invoice,981652,2300.07,1,2300.07,#1434640382,success,completed,PLi251765,2025-03-03 07:55:37+00
910354,Order,1146537,2300.07,1,2300.07,#1434640382,success,completed,,2025-02-28 10:29:49+00
910404,Invoice,981990,27.49,1,27.49,e6bmv65r,success,completed,AWDi2338567,2025-03-03 12:42:27+00
910404,Invoice,981998,27.49,1,27.49,e6bmv65r,success,completed,AWDi2338569,2025-03-03 12:56:10+00
910404,Order,1149902,27.49,1,27.49,e6bmv65r,success,completed,,2025-02-28 12:09:51+00
910424,Invoice,958728,-20.69,1,-20.69,36030,success,completed,PLi251762,2025-02-28 13:18:47+00
910424,Invoice,981652,-20.69,1,-20.69,36030,success,completed,PLi251765,2025-03-03 07:55:37+00
910424,Order,1146537,-20.69,1,-20.69,36030,success,completed,,2025-02-28 13:18:35+00
911302,Invoice,982834,39.18,1,39.18,pay_fibcuhnarm4eterkevaqhpfjxm,success,completed,AWDi2338714,2025-03-06 10:43:15+00
911302,Invoice,982926,39.18,1,39.18,pay_fibcuhnarm4eterkevaqhpfjxm,success,completed,AWDi2338759,2025-03-06 13:14:27+00
911302,Order,1150831,39.18,1,39.18,pay_fibcuhnarm4eterkevaqhpfjxm,success,completed,,2025-03-03 16:36:10+00
913303,Invoice,982834,-3.41,1,-3.41,act_qsd6fkkpbeledoejix4osa6ylu,success,completed,AWDi2338714,2025-03-06 10:43:15+00
913303,Invoice,982926,-3.41,1,-3.41,act_qsd6fkkpbeledoejix4osa6ylu,success,completed,AWDi2338759,2025-03-06 13:14:27+00
913303,Order,1150831,-3.41,1,-3.41,act_qsd6fkkpbeledoejix4osa6ylu,success,completed,,2025-03-06 10:42:15+00
915158,Invoice,984792,10.01,1,10.01,pay_s5xhxdmalbyetnwxkclysjb7yq,success,completed,AWDi2339175,2025-03-13 13:30:57+00
915158,Invoice,984794,10.01,1,10.01,pay_s5xhxdmalbyetnwxkclysjb7yq,success,completed,AWDi2339176,2025-03-13 13:33:48+00
915158,Order,1155810,10.01,1,10.01,pay_s5xhxdmalbyetnwxkclysjb7yq,success,completed,,2025-03-13 09:38:28+00
916363,Invoice,985665,462.62,1,462.62,pay_qkn6snj4oynejfxx3kitbn2zdu,success,completed,GBi2354224,2025-03-18 09:08:19+00
916363,Invoice,985682,462.62,1,462.62,pay_qkn6snj4oynejfxx3kitbn2zdu,success,completed,GBi2354230,2025-03-18 09:17:44+00
916363,Order,1150966,462.62,1,462.62,pay_qkn6snj4oynejfxx3kitbn2zdu,success,completed,,2025-03-16 15:44:26+00
916385,Invoice,985227,12.88,1,12.88,hnzgpgn0,success,completed,AWDi2339251,2025-03-17 09:53:43+00
916385,Invoice,985229,12.88,1,12.88,hnzgpgn0,success,completed,AWDi2339252,2025-03-17 09:56:03+00
916385,Order,1156761,12.88,1,12.88,hnzgpgn0,success,completed,,2025-03-16 17:38:33+00
916460,Invoice,985376,20.11,1,20.11,pay_fe2pny43t5hu7jz2xopgfvsr4i,success,completed,AWDi2339343,2025-03-17 11:24:01+00
916460,Invoice,985377,20.11,1,20.11,pay_fe2pny43t5hu7jz2xopgfvsr4i,success,completed,AWDi2339344,2025-03-17 11:24:47+00
916460,Order,1156846,20.11,1,20.11,pay_fe2pny43t5hu7jz2xopgfvsr4i,success,completed,,2025-03-17 00:18:45+00
916508,Invoice,985375,16.25,1,16.25,pay_mfm7batucfiuvayaeuxcw6kema,success,completed,AWDi2339342,2025-03-17 11:23:13+00
916508,Invoice,985576,16.25,1,16.25,pay_mfm7batucfiuvayaeuxcw6kema,success,completed,AWDi2339362,2025-03-17 15:02:11+00
916508,Order,1156881,16.25,1,16.25,pay_mfm7batucfiuvayaeuxcw6kema,success,completed,,2025-03-17 07:36:29+00
916512,Invoice,985373,16.25,1,16.25,pay_4p5ghlrjiqoenh47glmioyuqjm,success,completed,AWDi2339341,2025-03-17 11:22:49+00
916512,Invoice,985574,16.25,1,16.25,pay_4p5ghlrjiqoenh47glmioyuqjm,success,completed,AWDi2339361,2025-03-17 15:01:11+00
916512,Order,1156883,16.25,1,16.25,pay_4p5ghlrjiqoenh47glmioyuqjm,success,completed,,2025-03-17 07:39:55+00
917659,Invoice,991775,180.15,1,180.15,pay_jwfvyocli75efmuy74ruvw2isa,success,completed,ARi229976,2025-04-08 09:36:32+00
917659,Invoice,991990,180.15,1,180.15,pay_jwfvyocli75efmuy74ruvw2isa,success,completed,ARi229990,2025-04-08 13:49:08+00
917659,Invoice,992037,180.15,1,180.15,pay_jwfvyocli75efmuy74ruvw2isa,success,completed,ARi229993,2025-04-09 07:46:52+00
917659,Order,65481,180.15,1,180.15,pay_jwfvyocli75efmuy74ruvw2isa,success,completed,,2025-03-20 04:01:17+00
917970,Invoice,986635,8.10,1,8.10,ehaa846d,success,completed,AWDi2339594,2025-03-20 13:49:04+00
917970,Invoice,986639,8.10,1,8.10,ehaa846d,success,completed,AWDi2339595,2025-03-20 13:56:30+00
917970,Order,1158127,8.10,1,8.10,ehaa846d,success,completed,,2025-03-20 12:17:27+00
918273,Invoice,987012,65.39,1,65.39,pay_gbexsla23jbedosllb55tt7vim,success,completed,AWDi2339660,2025-03-21 16:07:53+00
918273,Invoice,987865,65.39,1,65.39,pay_gbexsla23jbedosllb55tt7vim,success,completed,AWDi2339925,2025-03-25 14:50:01+00
918273,Order,1158478,65.39,1,65.39,pay_gbexsla23jbedosllb55tt7vim,success,completed,,2025-03-21 12:24:49+00
918855,Invoice,987446,518.19,1,497.19,PL23203,success,completed,PLi251961,2025-03-25 08:08:12+00
918855,Invoice,988521,518.19,1,497.19,PL23203,success,completed,PLi252002,2025-03-27 14:03:00+00
918855,Order,1153120,497.19,1,497.19,PL23203,success,completed,,2025-03-24 07:52:57+00
919945,Invoice,988535,39.42,1,39.42,pay_y2pdgefj3jkuljlxnnx2v6sada,success,completed,AWDi2340080,2025-03-27 14:26:50+00
919945,Invoice,989472,39.42,1,39.42,pay_y2pdgefj3jkuljlxnnx2v6sada,success,completed,AWDi2340254,2025-04-01 08:08:26+00
919945,Order,1160239,39.42,1,39.42,pay_y2pdgefj3jkuljlxnnx2v6sada,success,completed,,2025-03-26 19:57:55+00
919948,Invoice,988273,0.34,1,0.34,36408,success,completed,CZi251512,2025-03-27 07:58:31+00
919948,Invoice,988275,0.34,1,0.34,36408,success,completed,CZi251514,2025-03-27 08:05:59+00
919948,Order,1160240,0.34,1,0.34,36408,success,completed,,2025-03-26 20:01:47+00
919954,Invoice,988530,16.31,1,16.31,fk82wmwr,success,completed,AWDi2340077,2025-03-27 14:24:04+00
919954,Invoice,988576,16.31,1,16.31,fk82wmwr,success,completed,AWDi2340094,2025-03-27 16:18:25+00
919954,Order,1160251,16.31,1,16.31,fk82wmwr,success,completed,,2025-03-26 20:46:12+00
919973,Invoice,988638,26.16,1,26.16,pay_odtcxrqjlwkuvjtt6kpf2bzmfe,success,completed,AWDi2340112,2025-03-28 09:38:36+00
919973,Invoice,988709,26.16,1,26.16,pay_odtcxrqjlwkuvjtt6kpf2bzmfe,success,completed,AWDi2340124,2025-03-28 11:15:51+00
919973,Order,1160284,26.16,1,26.16,pay_odtcxrqjlwkuvjtt6kpf2bzmfe,success,completed,,2025-03-26 23:34:50+00
920079,Invoice,988478,130.31,1,130.31,bj2xd252,success,completed,AWDi2340071,2025-03-27 12:59:23+00
920079,Invoice,988481,130.31,1,130.31,bj2xd252,success,completed,AWDi2340072,2025-03-27 13:03:22+00
920079,Order,1160385,130.31,1,130.31,bj2xd252,success,completed,,2025-03-27 10:28:13+00
920799,Invoice,989335,154.97,1,154.97,cma38dmv,success,completed,GBi2354953,2025-03-31 14:14:58+00
920799,Invoice,989467,154.97,1,154.97,cma38dmv,success,completed,GBi2354981,2025-04-01 07:59:24+00
920799,Order,1160608,154.97,1,154.97,cma38dmv,success,completed,,2025-03-29 22:18:45+00
920870,Invoice,989454,20.05,1,20.05,9dvsf1vv,success,completed,AWDi2340251,2025-04-01 07:26:31+00
920870,Invoice,989458,20.05,1,20.05,9dvsf1vv,success,completed,AWDi2340252,2025-04-01 07:38:03+00
920870,Order,1161193,20.05,1,20.05,9dvsf1vv,success,completed,,2025-03-30 16:09:53+00
921335,Invoice,989335,-22.35,1,-22.35,n23t626g,success,completed,GBi2354953,2025-03-31 14:14:58+00
921335,Invoice,989467,-22.35,1,-22.35,n23t626g,success,completed,GBi2354981,2025-04-01 07:59:24+00
921335,Order,1160608,-22.35,1,-22.35,n23t626g,success,completed,,2025-03-31 14:14:52+00
921590,Invoice,990329,13590.15,1,13590.15,CPUDHQ1BDS56L2LRBGIPZOK4XV3P,success,completed,NLi251296,2025-04-03 11:38:54+00
921590,Invoice,990333,13590.15,1,13590.15,CPUDHQ1BDS56L2LRBGIPZOK4XV3P,success,completed,NLi251297,2025-04-03 12:01:52+00
921590,Order,1155489,13590.15,1,13590.15,CPUDHQ1BDS56L2LRBGIPZOK4XV3P,success,completed,,2025-04-01 10:31:38+00
922004,Invoice,990002,2820.10,1,2820.10,pay_n3dx7wmfxkbethnycnfi6wfjhq,success,completed,GBi2355089,2025-04-02 12:34:14+00
922004,Invoice,990046,2820.10,1,2820.10,pay_n3dx7wmfxkbethnycnfi6wfjhq,success,completed,GBi2355101,2025-04-02 13:37:49+00
922004,Order,1162221,2820.10,1,2820.10,pay_n3dx7wmfxkbethnycnfi6wfjhq,success,completed,,2025-04-02 12:31:43+00
922103,Invoice,990261,11.29,1,11.29,g127kery,success,completed,AWDi2340452,2025-04-03 10:36:11+00
922103,Invoice,990622,11.29,1,11.29,g127kery,success,completed,AWDi2340533,2025-04-04 12:06:12+00
922103,Order,1155290,11.29,1,11.29,g127kery,success,completed,,2025-04-02 19:18:59+00
922242,Invoice,990403,7.91,1,7.91,41405,success,completed,AWDi2340483,2025-04-03 14:08:03+00
922242,Invoice,990410,7.91,1,7.91,41405,success,completed,AWDi2340487,2025-04-03 14:15:20+00
922242,Order,1162479,7.91,1,7.91,41405,success,completed,,2025-04-03 09:20:45+00
922278,Invoice,991870,790.13,1,790.13,6TF16537LJ0808804,success,completed,ARi229981,2025-04-08 11:32:51+00
922278,Invoice,992753,790.13,1,790.13,6TF16537LJ0808804,success,completed,ARi2210053,2025-04-15 19:52:15+00
922278,Order,1156486,790.13,1,790.13,6TF16537LJ0808804,success,completed,,2025-04-03 10:11:54+00
922280,Invoice,990255,166.37,1,166.37,pay_pdk6tfftw4juhdubgwqebjfaca,success,completed,GBi2355154,2025-04-03 10:22:05+00
922280,Invoice,990531,166.37,1,166.37,pay_pdk6tfftw4juhdubgwqebjfaca,success,completed,GBi2355236,2025-04-04 09:25:43+00
922280,Order,1162496,166.37,1,166.37,pay_pdk6tfftw4juhdubgwqebjfaca,success,completed,,2025-04-03 10:14:28+00
922647,Invoice,990647,1616.16,1,1616.16,1443979048,success,completed,ARi229956,2025-04-04 13:05:49+00
922647,Invoice,991367,1616.16,1,1616.16,1443979048,success,completed,ARi229968,2025-04-07 12:09:56+00
922647,Order,1151563,1616.16,1,1616.16,1443979048,success,completed,,2025-04-04 13:05:41+00
922843,Invoice,992568,129.24,1,129.24,pay_76yrtmo2kmkudlvdvnwinwdjaq,success,completed,ARi2210035,2025-04-10 10:48:38+00
922843,Invoice,992570,129.24,1,129.24,pay_76yrtmo2kmkudlvdvnwinwdjaq,success,completed,ARi2210036,2025-04-10 10:51:20+00
922843,Order,1162978,129.24,1,129.24,pay_76yrtmo2kmkudlvdvnwinwdjaq,success,completed,,2025-04-06 07:58:15+00
923166,Invoice,991818,18.48,1,18.48,pay_a2whiczkjovutl32zq5l57bvzy,success,completed,AWDi2340681,2025-04-08 10:13:15+00
923166,Invoice,992354,18.48,1,18.48,pay_a2whiczkjovutl32zq5l57bvzy,success,completed,AWDi2340782,2025-04-09 14:28:57+00
923166,Order,1163560,18.48,1,18.48,pay_a2whiczkjovutl32zq5l57bvzy,success,completed,,2025-04-07 10:30:11+00
923718,Invoice,992046,300.80,1,300.80,75rzn9rq,success,completed,AWDi2340710,2025-04-09 08:04:28+00
923718,Invoice,992141,300.80,1,300.80,75rzn9rq,success,completed,AWDi2340759,2025-04-09 09:19:23+00
923718,Order,1164107,300.80,1,300.80,75rzn9rq,success,completed,,2025-04-08 17:56:44+00
924026,Invoice,992492,14.54,1,14.54,dsf2dte5,success,completed,GBi2355573,2025-04-10 09:01:24+00
924026,Invoice,992499,14.54,1,14.54,dsf2dte5,success,completed,GBi2355577,2025-04-10 09:14:13+00
924026,Order,1163790,14.54,1,14.54,dsf2dte5,success,completed,,2025-04-09 13:58:48+00
924472,Invoice,993563,844.47,1,844.47,7YJ4204943376222R,success,completed,ARi2210092,2025-04-15 10:48:52+00
924472,Invoice,994130,844.47,1,844.47,7YJ4204943376222R,success,completed,ARi2210114,2025-04-16 14:42:11+00
924472,Order,1158649,844.47,1,844.47,7YJ4204943376222R,success,completed,,2025-04-10 20:11:09+00
925103,Invoice,994075,12.23,1,12.23,41513,success,completed,AWDi2341089,2025-04-16 12:46:23+00
925103,Invoice,994167,12.23,1,12.23,41513,success,completed,AWDi2341104,2025-04-17 08:13:42+00
925103,Order,1165568,12.23,1,12.23,41513,success,completed,,2025-04-14 06:31:01+00
926481,Invoice,994327,35.91,1,35.91,pay_ks6pusz3y55e3hzeuswutkwcma,success,completed,AWDi2341157,2025-04-17 13:01:11+00
926481,Invoice,994363,35.91,1,35.91,pay_ks6pusz3y55e3hzeuswutkwcma,success,completed,AWDi2341161,2025-04-17 14:05:39+00
926481,Order,1160904,35.91,1,35.91,pay_ks6pusz3y55e3hzeuswutkwcma,success,completed,,2025-04-16 19:55:11+00
926621,Invoice,994324,9.44,1,9.44,pay_fiojmn77sl3uxglfsvp4mlsey4,success,completed,AWDi2341155,2025-04-17 12:58:50+00
926621,Invoice,994356,9.44,1,9.44,pay_fiojmn77sl3uxglfsvp4mlsey4,success,completed,AWDi2341160,2025-04-17 13:58:51+00
926621,Order,1166769,9.44,1,9.44,pay_fiojmn77sl3uxglfsvp4mlsey4,success,completed,,2025-04-17 11:37:36+00
926623,Invoice,994323,5.77,1,5.77,pay_sqhaulzhkyqevoci5wb7brpstq,success,completed,AWDi2341154,2025-04-17 12:57:32+00
926623,Invoice,994352,5.77,1,5.77,pay_sqhaulzhkyqevoci5wb7brpstq,success,completed,AWDi2341159,2025-04-17 13:56:37+00
926623,Order,1166770,5.77,1,5.77,pay_sqhaulzhkyqevoci5wb7brpstq,success,completed,,2025-04-17 11:39:49+00
927103,Invoice,994869,12.30,1,12.30,pay_jyv2m552zsaujndxoh544tufiu,success,completed,AWDi2341239,2025-04-22 14:08:04+00
927103,Invoice,994926,12.30,1,12.30,pay_jyv2m552zsaujndxoh544tufiu,success,completed,AWDi2341251,2025-04-23 07:49:08+00
927103,Order,1167563,12.30,1,12.30,pay_jyv2m552zsaujndxoh544tufiu,success,completed,,2025-04-21 11:56:43+00
927266,Invoice,994798,30.19,1,30.19,pay_fw75cgpzcseubkrp64h4flwmiy,success,completed,AWDi2341219,2025-04-22 12:39:02+00
927266,Invoice,995194,30.19,1,30.19,pay_fw75cgpzcseubkrp64h4flwmiy,success,completed,AWDi2341281,2025-04-23 13:04:04+00
927266,Order,1167622,30.19,1,30.19,pay_fw75cgpzcseubkrp64h4flwmiy,success,completed,,2025-04-21 15:27:04+00
927431,Invoice,994820,475.61,1,475.61,pay_27h5c275hxrenihvias5rlkdbq,success,completed,GBi2356131,2025-04-22 13:16:08+00
927431,Invoice,999303,475.61,1,475.61,pay_27h5c275hxrenihvias5rlkdbq,success,completed,GBi2357143,2025-05-09 07:51:07+00
927431,Order,1166309,475.61,1,475.61,pay_27h5c275hxrenihvias5rlkdbq,success,completed,,2025-04-22 08:53:11+00
927900,Invoice,995658,265.91,1,265.91,CPU16116EKE3R527Y8JAA6Z7SPED,success,completed,NLi251357,2025-04-24 12:46:13+00
927900,Invoice,995732,265.91,1,265.91,CPU16116EKE3R527Y8JAA6Z7SPED,success,completed,NLi251360,2025-04-25 06:17:08+00
927900,Order,1167619,265.91,1,265.91,CPU16116EKE3R527Y8JAA6Z7SPED,success,completed,,2025-04-23 09:43:08+00
929489,Invoice,998667,667.18,1,667.18,pay_icnxgs2dwx6ehpiyfw2d3rh2xm,success,completed,GBi2356964,2025-05-07 08:27:06+00
929489,Invoice,998677,667.18,1,667.18,pay_icnxgs2dwx6ehpiyfw2d3rh2xm,success,completed,GBi2356965,2025-05-07 08:59:05+00
929489,Order,1158602,667.18,1,667.18,pay_icnxgs2dwx6ehpiyfw2d3rh2xm,success,completed,,2025-04-28 11:47:11+00
930246,Invoice,997343,52.99,1,52.99,pay_pc3jgojfigienej4obhbqbroki,success,completed,AWDi2341707,2025-04-30 14:05:15+00
930246,Invoice,997897,52.99,1,52.99,pay_pc3jgojfigienej4obhbqbroki,success,completed,AWDi2341868,2025-05-02 13:39:04+00
930246,Order,1170187,52.99,1,52.99,pay_pc3jgojfigienej4obhbqbroki,success,completed,,2025-04-30 10:54:03+00
930429,Invoice,997636,262.96,1,262.96,pay_gu2zfcqphxxuncpztdwymu72z4,fail,declined,GBi2356833,2025-05-02 08:40:09+00
930429,Invoice,997735,262.96,1,262.96,pay_gu2zfcqphxxuncpztdwymu72z4,fail,declined,GBi2356844,2025-05-02 10:07:06+00
930429,Order,1168538,262.96,1,262.96,pay_gu2zfcqphxxuncpztdwymu72z4,fail,declined,,2025-04-30 21:22:04+00
930430,Invoice,997636,49.93,1,49.93,41710,success,completed,GBi2356833,2025-05-02 08:40:09+00
930430,Invoice,997735,49.93,1,49.93,41710,success,completed,GBi2356844,2025-05-02 10:07:06+00
930430,Order,1168538,49.93,1,49.93,41710,success,completed,,2025-04-30 21:22:04+00
930431,Invoice,997636,262.96,1,262.96,pay_yy56x2ejxnme3hveb7hfbvgo7u,success,completed,GBi2356833,2025-05-02 08:40:09+00
930431,Invoice,997735,262.96,1,262.96,pay_yy56x2ejxnme3hveb7hfbvgo7u,success,completed,GBi2356844,2025-05-02 10:07:06+00
930431,Order,1168538,262.96,1,262.96,pay_yy56x2ejxnme3hveb7hfbvgo7u,success,completed,,2025-04-30 21:22:04+00
931653,Invoice,998933,28.78,1,28.78,dfn0crk9,success,completed,AWDi2342058,2025-05-07 12:39:05+00
931653,Invoice,998937,28.78,1,28.78,dfn0crk9,success,completed,AWDi2342059,2025-05-07 12:43:05+00
931653,Order,1172110,28.78,1,28.78,dfn0crk9,success,completed,,2025-05-06 06:03:05+00
932289,Invoice,999589,245.62,1,245.62,pay_wqtqtnpkrxgu3krzggfeqt3ywm,success,completed,GBi2357231,2025-05-09 14:13:07+00
932289,Invoice,999592,245.62,1,245.62,pay_wqtqtnpkrxgu3krzggfeqt3ywm,success,completed,GBi2357232,2025-05-09 14:16:10+00
932289,Order,1120602,245.62,1,245.62,pay_wqtqtnpkrxgu3krzggfeqt3ywm,success,completed,,2025-05-07 12:17:06+00
932908,Invoice,999545,23.44,1,23.44,pay_eh26bqhy2rwerb7nbnoud674fy,success,completed,AWDi2342197,2025-05-09 13:27:08+00
932908,Invoice,999548,23.44,1,23.44,pay_eh26bqhy2rwerb7nbnoud674fy,success,completed,AWDi2342198,2025-05-09 13:28:09+00
932908,Order,1173314,23.44,1,23.44,pay_eh26bqhy2rwerb7nbnoud674fy,success,completed,,2025-05-09 12:01:07+00
933041,Invoice,999685,10.13,1,10.13,pay_udvt4glrsjfu3geocvy7empfoe,success,completed,AWDi2342212,2025-05-12 08:14:05+00
933041,Invoice,999736,10.13,1,10.13,pay_udvt4glrsjfu3geocvy7empfoe,success,completed,AWDi2342215,2025-05-12 09:02:07+00
933041,Order,1173450,10.13,1,10.13,pay_udvt4glrsjfu3geocvy7empfoe,success,completed,,2025-05-09 21:40:08+00
934629,Invoice,1001784,175.60,1,175.60,79czbfhb,success,completed,GBi2357743,2025-05-19 12:40:15+00
934629,Invoice,1001787,175.60,1,175.60,79czbfhb,success,completed,GBi2357744,2025-05-19 12:42:07+00
934629,Order,1174989,175.60,1,175.60,79czbfhb,success,completed,,2025-05-15 06:19:09+00
934705,Invoice,1000985,6.19,1,6.19,gr8q00b0,success,completed,AWDi2342466,2025-05-15 10:40:29+00
934705,Invoice,1000987,6.19,1,6.19,gr8q00b0,success,completed,AWDi2342467,2025-05-15 10:44:07+00
934705,Order,1175045,6.19,1,6.19,gr8q00b0,success,completed,,2025-05-15 09:20:27+00
935015,Invoice,1001725,25.91,1,25.91,h4jps4g7,success,completed,AWDi2342610,2025-05-19 11:24:07+00
935015,Invoice,1001729,25.91,1,25.91,h4jps4g7,success,completed,AWDi2342611,2025-05-19 11:27:08+00
935015,Order,1175312,25.91,1,25.91,h4jps4g7,success,completed,,2025-05-16 06:59:10+00
935608,Invoice,1001690,386.63,1,386.63,OO9T004562500864,success,completed,NLi251439,2025-05-19 10:57:08+00
935608,Invoice,1001694,386.63,1,386.63,OO9T004562500864,success,completed,NLi251440,2025-05-19 11:01:06+00
935608,Order,1175666,386.63,1,386.63,OO9T004562500864,success,completed,,2025-05-19 06:07:15+00
936213,Invoice,1002502,64.67,1,64.67,pay_plr35kngkviehnya6g6vv5ewry,success,completed,AWDi2342736,2025-05-21 13:08:07+00
936213,Invoice,1002626,64.67,1,64.67,pay_plr35kngkviehnya6g6vv5ewry,success,completed,AWDi2342774,2025-05-22 09:10:12+00
936213,Order,1045887,64.67,1,64.67,pay_plr35kngkviehnya6g6vv5ewry,success,completed,,2025-05-20 14:58:07+00
936631,Invoice,1002776,401.51,1,401.51,cvry21jy,success,completed,AWDi2342797,2025-05-22 12:40:18+00
936631,Invoice,1002777,401.51,1,401.51,cvry21jy,success,completed,AWDi2342798,2025-05-22 12:43:05+00
936631,Order,1177101,401.51,1,401.51,cvry21jy,success,completed,,2025-05-22 04:11:07+00
936720,Invoice,1002809,713.66,1,713.66,pay_lvcq45ojcshe5pl6hjge7c6id4,success,completed,GBi2357995,2025-05-22 13:41:11+00
936720,Invoice,1002841,713.66,1,713.66,pay_lvcq45ojcshe5pl6hjge7c6id4,success,completed,GBi2358013,2025-05-22 14:21:14+00
936720,Order,1171605,713.66,1,713.66,pay_lvcq45ojcshe5pl6hjge7c6id4,success,completed,,2025-05-22 08:46:16+00
936936,Invoice,1003042,127.72,1,127.72,40B70238NC903005J,success,completed,ATi251759,2025-05-23 11:29:05+00
936936,Invoice,1003045,127.72,1,127.72,40B70238NC903005J,success,completed,ATi251760,2025-05-23 11:36:05+00
936936,Order,398853,127.72,1,127.72,40B70238NC903005J,success,completed,,2025-05-22 15:57:10+00
937495,Invoice,1003291,4657.80,1,4656.13,NL06339,success,completed,NLi251472,2025-05-26 13:47:14+00
937495,Invoice,1003952,4656.13,1,4656.13,NL06339,success,completed,NLi251494,2025-05-28 12:47:13+00
937495,Order,1177545,4656.13,1,4656.13,NL06339,success,completed,,2025-05-26 00:05:47+00
937740,Invoice,1003291,-1.67,1,-1.67,37093,success,cancelled,NLi251472,2025-05-26 13:47:14+00
937740,Invoice,1003952,-1.67,1,-1.67,37093,success,cancelled,NLi251494,2025-05-28 12:47:13+00
937740,Order,1177545,-1.67,1,-1.67,37093,success,cancelled,,2025-05-26 13:46:50+00
937891,Invoice,1004026,60.00,1,60.00,41928,success,completed,GBi2358263,2025-05-28 14:24:09+00
937891,Invoice,1004030,60.00,1,60.00,41928,success,completed,GBi2358266,2025-05-28 14:32:10+00
937891,Order,1177374,60.00,1,60.00,41928,success,completed,,2025-05-27 07:31:15+00
937892,Invoice,1004026,857.74,1,857.74,qt3ffxt7,success,completed,GBi2358263,2025-05-28 14:24:09+00
937892,Invoice,1004030,857.74,1,857.74,qt3ffxt7,success,completed,GBi2358266,2025-05-28 14:32:10+00
937892,Order,1177374,857.74,1,857.74,qt3ffxt7,success,completed,,2025-05-27 07:31:15+00
937912,Invoice,1004081,21.91,1,21.91,k3at93mq,success,completed,AWDi2343032,2025-05-29 07:24:07+00
937912,Invoice,1004112,21.91,1,21.91,k3at93mq,success,completed,AWDi2343046,2025-05-29 08:03:09+00
937912,Order,1178432,21.91,1,21.91,k3at93mq,success,completed,,2025-05-27 08:09:09+00
938631,Invoice,1004817,47.99,1,47.99,pay_lwxsegsme7oufapg2ux3d2dgay,fail,declined,AWDi2343171,2025-06-02 07:41:17+00
938631,Invoice,1004902,47.99,1,47.99,pay_lwxsegsme7oufapg2ux3d2dgay,fail,declined,AWDi2343201,2025-06-02 09:04:13+00
938631,Order,1177518,47.99,1,47.99,pay_lwxsegsme7oufapg2ux3d2dgay,fail,declined,,2025-05-29 21:35:08+00
938849,Invoice,1004817,47.99,1,47.99,66azvqjq,success,completed,AWDi2343171,2025-06-02 07:41:17+00
938849,Invoice,1004902,47.99,1,47.99,66azvqjq,success,completed,AWDi2343201,2025-06-02 09:04:13+00
938849,Order,1177518,47.99,1,47.99,66azvqjq,success,completed,,2025-05-29 21:35:08+00
939215,Invoice,1004917,51.71,1,51.71,pay_2xo3na6joz7eri4mjiqycnrh54,success,completed,AWDi2343211,2025-06-02 09:11:14+00
939215,Invoice,1005525,51.71,1,51.71,pay_2xo3na6joz7eri4mjiqycnrh54,success,completed,AWDi2343336,2025-06-04 07:10:14+00
939215,Order,1179587,51.71,1,51.71,pay_2xo3na6joz7eri4mjiqycnrh54,success,completed,,2025-05-30 20:22:09+00
939589,Invoice,1005563,27.70,1,27.70,1897a0rq,success,completed,AWDi2343338,2025-06-04 08:22:09+00
939589,Invoice,1005594,27.70,1,27.70,1897a0rq,success,completed,AWDi2343352,2025-06-04 08:51:06+00
939589,Order,1179760,27.70,1,27.70,1897a0rq,success,completed,,2025-06-02 07:56:16+00
940156,Invoice,1005843,210.46,1,210.46,ct9hnbd4,success,completed,GBi2358676,2025-06-04 14:02:10+00
940156,Invoice,1005983,210.46,1,210.46,ct9hnbd4,success,completed,GBi2358704,2025-06-05 08:52:08+00
940156,Order,1153289,210.46,1,210.46,ct9hnbd4,success,completed,,2025-06-03 09:51:12+00
940427,Invoice,1005852,140.75,1,140.75,pay_t6xbivb5uuwufptboyy5ap6ysq,success,completed,AWDi2343404,2025-06-04 14:13:08+00
940427,Invoice,1005856,140.75,1,140.75,pay_t6xbivb5uuwufptboyy5ap6ysq,success,completed,AWDi2343405,2025-06-04 14:16:07+00
940427,Order,1180139,140.75,1,140.75,pay_t6xbivb5uuwufptboyy5ap6ysq,success,completed,,2025-06-03 20:03:09+00
940958,Invoice,1006544,903.14,1,903.14,pay_lmtsyazr7pbe3fmf2yc2mdtcpe,fail,declined,GBi2358852,2025-06-06 13:57:11+00
940958,Invoice,1006578,903.14,1,903.14,pay_lmtsyazr7pbe3fmf2yc2mdtcpe,fail,declined,GBi2358861,2025-06-09 07:06:11+00
940958,Order,1169981,903.14,1,903.14,pay_lmtsyazr7pbe3fmf2yc2mdtcpe,fail,declined,,2025-06-05 11:55:33+00
940959,Invoice,1006544,903.14,1,903.14,pay_fjci462ew6cednccdc2ymrgpja,fail,declined,GBi2358852,2025-06-06 13:57:11+00
940959,Invoice,1006578,903.14,1,903.14,pay_fjci462ew6cednccdc2ymrgpja,fail,declined,GBi2358861,2025-06-09 07:06:11+00
940959,Order,1169981,903.14,1,903.14,pay_fjci462ew6cednccdc2ymrgpja,fail,declined,,2025-06-05 11:55:33+00
940961,Invoice,1006544,903.14,1,903.14,pay_kcilxjwij3kublimmhm343o43a,fail,declined,GBi2358852,2025-06-06 13:57:11+00
940961,Invoice,1006578,903.14,1,903.14,pay_kcilxjwij3kublimmhm343o43a,fail,declined,GBi2358861,2025-06-09 07:06:11+00
940961,Order,1169981,903.14,1,903.14,pay_kcilxjwij3kublimmhm343o43a,fail,declined,,2025-06-05 11:55:33+00
940964,Invoice,1006544,903.14,1,903.14,pay_exnoshw6kz5ehcf76owprouczy,fail,declined,GBi2358852,2025-06-06 13:57:11+00
940964,Invoice,1006578,903.14,1,903.14,pay_exnoshw6kz5ehcf76owprouczy,fail,declined,GBi2358861,2025-06-09 07:06:11+00
940964,Order,1169981,903.14,1,903.14,pay_exnoshw6kz5ehcf76owprouczy,fail,declined,,2025-06-05 11:55:33+00
940965,Invoice,1006544,903.14,1,903.14,pay_wzb4tffkvrwe5nuckkxdhxsk5q,fail,declined,GBi2358852,2025-06-06 13:57:11+00
940965,Invoice,1006578,903.14,1,903.14,pay_wzb4tffkvrwe5nuckkxdhxsk5q,fail,declined,GBi2358861,2025-06-09 07:06:11+00
940965,Order,1169981,903.14,1,903.14,pay_wzb4tffkvrwe5nuckkxdhxsk5q,fail,declined,,2025-06-05 11:55:33+00
941185,Invoice,1006544,903.14,1,903.14,FP554B5828877358,success,completed,GBi2358852,2025-06-06 13:57:11+00
941185,Invoice,1006578,903.14,1,903.14,FP554B5828877358,success,completed,GBi2358861,2025-06-09 07:06:11+00
941185,Order,1169981,903.14,1,903.14,FP554B5828877358,success,completed,,2025-06-06 07:36:22+00
941498,Invoice,1006628,51.71,1,51.71,r6epm23p,success,completed,AWDi2343615,2025-06-09 08:21:07+00
941498,Invoice,1006721,51.71,1,51.71,r6epm23p,success,completed,AWDi2343633,2025-06-09 10:17:07+00
941498,Order,1181839,51.71,1,51.71,r6epm23p,success,completed,,2025-06-07 10:10:11+00
941633,Invoice,1006851,14.66,1,14.66,pay_cv2addcj6z2ejjymtjuc6ol6bi,success,completed,AWDi2343636,2025-06-09 12:47:07+00
941633,Invoice,1006936,14.66,1,14.66,pay_cv2addcj6z2ejjymtjuc6ol6bi,success,completed,AWDi2343674,2025-06-09 13:54:08+00
941633,Order,1158990,14.66,1,14.66,pay_cv2addcj6z2ejjymtjuc6ol6bi,success,completed,,2025-06-08 11:41:06+00
942240,Invoice,1007020,36.50,1,36.50,n8aa98yh,success,completed,AWDi2343686,2025-06-10 07:51:06+00
942240,Invoice,1007401,36.50,1,36.50,n8aa98yh,success,completed,AWDi2343759,2025-06-11 07:43:08+00
942240,Order,1182614,36.50,1,36.50,n8aa98yh,success,completed,,2025-06-10 06:22:06+00
942474,Invoice,1007896,940.36,1,940.36,drbx5skj,success,completed,GBi2359142,2025-06-12 11:21:12+00
942474,Invoice,1007901,940.36,1,940.36,drbx5skj,success,completed,GBi2359143,2025-06-12 11:25:17+00
942474,Order,1182813,940.36,1,940.36,drbx5skj,success,completed,,2025-06-10 13:58:19+00
943441,Invoice,1008732,244.80,1,244.80,pay_pdbtxunoj5cebencrcfg3ez4e4,success,completed,GBi2359342,2025-06-17 08:49:10+00
943441,Invoice,1008760,244.80,1,244.80,pay_pdbtxunoj5cebencrcfg3ez4e4,success,completed,GBi2359346,2025-06-17 09:24:12+00
943441,Order,1183729,244.80,1,244.80,pay_pdbtxunoj5cebencrcfg3ez4e4,success,completed,,2025-06-13 11:05:32+00
943509,Invoice,1009392,563.35,1,563.35,pay_pqosweu5ngiubhjnmcz23eyc2i,fail,declined,GBi2359546,2025-06-18 13:15:39+00
943509,Invoice,1009393,563.35,1,563.35,pay_pqosweu5ngiubhjnmcz23eyc2i,fail,declined,GBi2359547,2025-06-18 13:18:10+00
943509,Order,1183856,563.35,1,563.35,pay_pqosweu5ngiubhjnmcz23eyc2i,fail,declined,,2025-06-16 13:02:09+00
943512,Invoice,1009392,563.35,1,563.35,pay_btsvesrhydsejoynxpf2j57pgy,fail,declined,GBi2359546,2025-06-18 13:15:39+00
943512,Invoice,1009393,563.35,1,563.35,pay_btsvesrhydsejoynxpf2j57pgy,fail,declined,GBi2359547,2025-06-18 13:18:10+00
943512,Order,1183856,563.35,1,563.35,pay_btsvesrhydsejoynxpf2j57pgy,fail,declined,,2025-06-16 13:02:09+00
943513,Invoice,1009392,563.35,1,563.35,pay_btsvesrhydsejoynxpf2j57pgy,fail,declined,GBi2359546,2025-06-18 13:15:39+00
943513,Invoice,1009393,563.35,1,563.35,pay_btsvesrhydsejoynxpf2j57pgy,fail,declined,GBi2359547,2025-06-18 13:18:10+00
943513,Order,1183856,563.35,1,563.35,pay_btsvesrhydsejoynxpf2j57pgy,fail,declined,,2025-06-16 13:02:09+00
943744,Invoice,1009392,563.35,1,563.35,pay_srcajkegxtoebiipcdbky7vay4,fail,declined,GBi2359546,2025-06-18 13:15:39+00
943744,Invoice,1009393,563.35,1,563.35,pay_srcajkegxtoebiipcdbky7vay4,fail,declined,GBi2359547,2025-06-18 13:18:10+00
943744,Order,1183856,563.35,1,563.35,pay_srcajkegxtoebiipcdbky7vay4,fail,declined,,2025-06-16 13:02:09+00
943991,Invoice,1008992,9.35,1,9.35,kt5wwgac,success,completed,AWDi2344055,2025-06-17 14:51:13+00
943991,Invoice,1009045,9.35,1,9.35,kt5wwgac,success,completed,AWDi2344090,2025-06-18 07:31:11+00
943991,Order,1184469,9.35,1,9.35,kt5wwgac,success,completed,,2025-06-16 09:26:08+00
944094,Invoice,1008744,35.81,1,35.81,24H66833RC4909355,success,completed,DEUi252368,2025-06-17 09:00:19+00
944094,Invoice,1008753,35.81,1,35.81,24H66833RC4909355,success,completed,DEUi252370,2025-06-17 09:13:09+00
944094,Order,1184539,35.81,1,35.81,24H66833RC4909355,success,completed,,2025-06-16 12:05:35+00
944117,Invoice,1009392,563.35,1,563.35,pay_usolurhdtote3alrjrepk76fka,fail,declined,GBi2359546,2025-06-18 13:15:39+00
944117,Invoice,1009393,563.35,1,563.35,pay_usolurhdtote3alrjrepk76fka,fail,declined,GBi2359547,2025-06-18 13:18:10+00
944117,Order,1183856,563.35,1,563.35,pay_usolurhdtote3alrjrepk76fka,fail,declined,,2025-06-16 13:02:09+00
944138,Invoice,1009392,563.35,1,563.35,pay_z4vrr5ksu7kehfbfabsazc2edy,success,completed,GBi2359546,2025-06-18 13:15:39+00
944138,Invoice,1009393,563.35,1,563.35,pay_z4vrr5ksu7kehfbfabsazc2edy,success,completed,GBi2359547,2025-06-18 13:18:10+00
944138,Order,1183856,563.35,1,563.35,pay_z4vrr5ksu7kehfbfabsazc2edy,success,completed,,2025-06-16 13:02:09+00
944167,Invoice,1009006,89.06,1,89.06,c6k3wxkw,success,completed,AWDi2344068,2025-06-17 14:59:11+00
944167,Invoice,1009079,89.06,1,89.06,c6k3wxkw,success,completed,AWDi2344113,2025-06-18 07:54:11+00
944167,Order,1184278,89.06,1,89.06,c6k3wxkw,success,completed,,2025-06-16 13:44:09+00
944252,Invoice,1009058,21.14,1,21.14,pay_bv5lofuqowpufinjmqddm7aiiu,success,completed,AWDi2344097,2025-06-18 07:43:13+00
944252,Invoice,1009114,21.14,1,21.14,pay_bv5lofuqowpufinjmqddm7aiiu,success,completed,AWDi2344115,2025-06-18 08:55:29+00
944252,Order,1184691,21.14,1,21.14,pay_bv5lofuqowpufinjmqddm7aiiu,success,completed,,2025-06-16 18:04:10+00
944637,Invoice,1009400,243.00,1,243.00,pay_2gd7rfgh7uredajo4th4kh5wqa,success,completed,GBi2359550,2025-06-18 13:28:10+00
944637,Invoice,1009401,243.00,1,243.00,pay_2gd7rfgh7uredajo4th4kh5wqa,success,completed,GBi2359551,2025-06-18 13:30:37+00
944637,Order,1184997,243.00,1,243.00,pay_2gd7rfgh7uredajo4th4kh5wqa,success,completed,,2025-06-17 15:12:14+00
945780,Invoice,1010704,73.80,1,73.80,pay_ovg27ht25uluzcmozsvbcurp4e,success,completed,ARi2210886,2025-06-24 09:58:10+00
945780,Invoice,1010710,73.80,1,73.80,pay_ovg27ht25uluzcmozsvbcurp4e,success,completed,ARi2210887,2025-06-24 10:10:25+00
945780,Order,1185945,73.80,1,73.80,pay_ovg27ht25uluzcmozsvbcurp4e,success,completed,,2025-06-20 18:57:10+00
945985,Invoice,1010286,13.26,1,13.26,pay_gllwvsh6zzmetneyj7xhuklgwm,success,completed,AWDi2344345,2025-06-23 09:19:10+00
945985,Invoice,1010290,13.26,1,13.26,pay_gllwvsh6zzmetneyj7xhuklgwm,success,completed,AWDi2344346,2025-06-23 09:20:21+00
945985,Order,1186351,13.26,1,13.26,pay_gllwvsh6zzmetneyj7xhuklgwm,success,completed,,2025-06-23 06:14:54+00
946266,Invoice,1010476,17.74,1,17.74,fkf135m4,success,completed,AWDi2344373,2025-06-23 12:52:13+00
946266,Invoice,1010606,17.74,1,17.74,fkf135m4,success,completed,AWDi2344396,2025-06-24 07:24:09+00
946266,Order,1186573,17.74,1,17.74,fkf135m4,success,completed,,2025-06-23 10:54:09+00
946648,Invoice,1010929,6.35,1,6.35,4szbxw1f,success,completed,AWDi2344474,2025-06-24 14:25:17+00
946648,Invoice,1011596,6.35,1,6.35,4szbxw1f,success,completed,AWDi2344563,2025-06-27 07:03:11+00
946648,Order,1186998,6.35,1,6.35,4szbxw1f,success,completed,,2025-06-24 12:37:12+00
946961,Invoice,1011272,410.29,1,410.29,pay_oc53si4aghmepkchfwajhsal7m,success,completed,ATi251919,2025-06-26 06:26:15+00
946961,Invoice,1011576,410.29,1,410.29,pay_oc53si4aghmepkchfwajhsal7m,success,completed,ATi251924,2025-06-27 06:06:11+00
946961,Order,1187291,410.29,1,410.29,pay_oc53si4aghmepkchfwajhsal7m,success,completed,,2025-06-25 10:55:18+00
947442,Invoice,1011796,345.49,1,345.49,pay_va3cmcwodrue3axc2szrrsss4e,success,completed,GBi2360110,2025-06-27 12:27:37+00
947442,Invoice,1011799,345.49,1,345.49,pay_va3cmcwodrue3axc2szrrsss4e,success,completed,GBi2360112,2025-06-27 12:38:35+00
947442,Order,1182886,345.49,1,345.49,pay_va3cmcwodrue3axc2szrrsss4e,success,completed,,2025-06-26 22:37:15+00
947817,Invoice,1011963,12.18,1,12.18,pay_5vzxk6qbhcgu3kybiin6vzxw4a,success,completed,AWDi2344650,2025-06-30 08:36:12+00
947817,Invoice,1011966,12.18,1,12.18,pay_5vzxk6qbhcgu3kybiin6vzxw4a,success,completed,AWDi2344651,2025-06-30 08:37:14+00
947817,Order,1188197,12.18,1,12.18,pay_5vzxk6qbhcgu3kybiin6vzxw4a,success,completed,,2025-06-28 14:20:26+00
948029,Invoice,1012277,7.91,1,7.91,pay_2sjvvxz46sxexos4d7xwxzxd5u,success,completed,AWDi2344708,2025-06-30 13:51:13+00
948029,Invoice,1012282,7.91,1,7.91,pay_2sjvvxz46sxexos4d7xwxzxd5u,success,completed,AWDi2344710,2025-06-30 13:55:51+00
948029,Order,1188458,7.91,1,7.91,pay_2sjvvxz46sxexos4d7xwxzxd5u,success,completed,,2025-06-30 05:11:09+00
948361,Invoice,1013479,1001.97,1,1001.97,pay_5tw4adtykmqudjw32tpftavbfu,success,completed,GBi2360543,2025-07-04 10:19:14+00
948361,Invoice,1013741,1001.97,1,1001.97,pay_5tw4adtykmqudjw32tpftavbfu,success,completed,GBi2360602,2025-07-07 08:56:20+00
948361,Order,1177181,1001.97,1,1001.97,pay_5tw4adtykmqudjw32tpftavbfu,success,completed,,2025-06-30 11:36:27+00
948854,Invoice,1012867,57.79,1,57.79,7G9589132R0830341,success,completed,ARi2211008,2025-07-02 11:47:12+00
948854,Invoice,1013136,57.79,1,57.79,7G9589132R0830341,success,completed,ARi2211027,2025-07-03 09:50:21+00
948854,Order,56940,57.79,1,57.79,7G9589132R0830341,success,completed,,2025-07-01 13:34:12+00
949557,Invoice,1013499,11.93,1,11.93,0hg8je18,success,completed,AWDi2344941,2025-07-04 10:55:27+00
949557,Invoice,1014679,11.93,1,11.93,0hg8je18,success,completed,AWDi2345153,2025-07-09 13:40:20+00
949557,Order,1189349,11.93,1,11.93,0hg8je18,success,completed,,2025-07-03 10:31:17+00
949667,Invoice,1013489,178.74,1,178.74,ece358ec,success,completed,GBi2360545,2025-07-04 10:35:19+00
949667,Invoice,1016220,178.74,1,178.74,ece358ec,success,completed,GBi2361218,2025-07-16 10:24:11+00
949667,Order,1173084,178.74,1,178.74,ece358ec,success,completed,,2025-07-03 13:07:10+00
949673,Invoice,1013491,169.15,1,169.15,pay_r776sy6pqqdedbnpiu6ckxrvfi,success,completed,GBi2360547,2025-07-04 10:37:12+00
949673,Invoice,1014702,169.15,1,169.15,pay_r776sy6pqqdedbnpiu6ckxrvfi,success,completed,GBi2360848,2025-07-09 14:19:10+00
949673,Order,1183174,169.15,1,169.15,pay_r776sy6pqqdedbnpiu6ckxrvfi,success,completed,,2025-07-03 13:25:35+00
949770,Invoice,1013425,24.92,1,24.92,pay_777pauqzkxhubpid7675jsbuce,success,completed,AWDi2344914,2025-07-04 09:07:13+00
949770,Invoice,1013633,24.92,1,24.92,pay_777pauqzkxhubpid7675jsbuce,success,completed,AWDi2344950,2025-07-07 07:32:11+00
949770,Order,1189834,24.92,1,24.92,pay_777pauqzkxhubpid7675jsbuce,success,completed,,2025-07-04 03:45:14+00
949794,Invoice,1013412,1250.06,1,1250.06,25070369758,success,completed,ATi251959,2025-07-04 08:48:12+00
949794,Invoice,1015449,1250.06,1,1250.06,25070369758,success,completed,ATi252006,2025-07-14 11:09:15+00
949794,Invoice,1015451,1250.06,1,1250.06,25070369758,success,completed,ATi252007,2025-07-14 11:10:27+00
949794,Order,1188884,1250.06,1,1250.06,25070369758,success,completed,,2025-07-04 06:29:12+00
949887,Invoice,1013575,338.22,1,338.22,pay_jkar26bulk7u5ecqegqyuikaze,success,completed,GBi2360570,2025-07-04 13:32:12+00
949887,Invoice,1013590,338.22,1,338.22,pay_jkar26bulk7u5ecqegqyuikaze,success,completed,GBi2360577,2025-07-04 13:51:16+00
949887,Order,1189901,338.22,1,338.22,pay_jkar26bulk7u5ecqegqyuikaze,success,completed,,2025-07-04 09:57:15+00
950446,Invoice,1013850,109.28,1,109.28,pay_qlxf4j56mkzehjiruhwyr7jel4,success,completed,GBi2360617,2025-07-07 10:17:14+00
950446,Invoice,1013855,109.28,1,109.28,pay_qlxf4j56mkzehjiruhwyr7jel4,success,completed,GBi2360618,2025-07-07 10:33:11+00
950446,Order,1190572,109.28,1,109.28,pay_qlxf4j56mkzehjiruhwyr7jel4,success,completed,,2025-07-07 08:48:15+00
950447,Invoice,1013809,9.37,1,9.37,3dyy21cp,success,completed,AWDi2345005,2025-07-07 10:04:12+00
950447,Invoice,1014023,9.37,1,9.37,3dyy21cp,success,completed,AWDi2345063,2025-07-07 13:43:11+00
950447,Order,1190581,9.37,1,9.37,3dyy21cp,success,completed,,2025-07-07 08:48:12+00
950676,Invoice,1011260,-133.20,1,-133.20,,success,completed,AWFi223364,2025-07-07 13:52:09+00
950676,Invoice,1011263,-133.20,1,-133.20,,success,completed,AWFi223364-refund-1,2025-07-07 13:52:09+00
950680,Invoice,1011261,-133.20,1,-133.20,,success,completed,AWFi223365,2025-07-07 13:52:24+00
950680,Invoice,1011264,-133.20,1,-133.20,,success,completed,AWFi223365-refund-1,2025-07-07 13:52:24+00
950881,Invoice,1014568,260.90,1,260.90,pay_yspzmir2stduve4v3gquegtbhe,success,completed,GBi2360788,2025-07-09 10:43:14+00
950881,Invoice,1018506,260.90,1,260.90,pay_yspzmir2stduve4v3gquegtbhe,success,completed,GBi2361762,2025-07-25 09:23:21+00
950881,Order,1190934,260.90,1,260.90,pay_yspzmir2stduve4v3gquegtbhe,success,completed,,2025-07-08 08:58:21+00
950953,Invoice,1014680,331.67,1,331.67,pay_owkc5zdq2bquxlhbqine3k5tt4,success,completed,GBi2360832,2025-07-09 13:46:12+00
950953,Invoice,1014717,331.67,1,331.67,pay_owkc5zdq2bquxlhbqine3k5tt4,success,completed,GBi2360853,2025-07-09 14:54:35+00
950953,Order,1190843,331.67,1,331.67,pay_owkc5zdq2bquxlhbqine3k5tt4,success,completed,,2025-07-08 10:36:14+00
950954,Invoice,1014680,4.40,1,4.40,42491,success,completed,GBi2360832,2025-07-09 13:46:12+00
950954,Invoice,1014717,4.40,1,4.40,42491,success,completed,GBi2360853,2025-07-09 14:54:35+00
950954,Order,1190843,4.40,1,4.40,42491,success,completed,,2025-07-08 10:36:14+00
951236,Invoice,1014537,8.30,1,8.30,pay_uulwdo5xxvaejjqevuxfjm6qs4,success,completed,AWD150012-deleted,2025-07-09 10:16:45+00
951236,Invoice,1015633,8.30,1,8.30,pay_uulwdo5xxvaejjqevuxfjm6qs4,success,completed,AWD150012,2025-07-14 14:10:30+00
951236,Order,1191293,8.30,1,8.30,pay_uulwdo5xxvaejjqevuxfjm6qs4,success,completed,,2025-07-09 07:28:21+00
951272,Invoice,1014978,282.11,1,282.11,pay_zjgdcemgxw6e3e3cx5aosysuja,success,completed,NLi251657,2025-07-11 06:19:09+00
951272,Invoice,1014979,282.11,1,282.11,pay_zjgdcemgxw6e3e3cx5aosysuja,success,completed,NLi251658,2025-07-11 06:20:16+00
951272,Order,1180757,282.11,1,282.11,pay_zjgdcemgxw6e3e3cx5aosysuja,success,completed,,2025-07-09 09:00:20+00
952697,Invoice,1016006,564.43,1,564.43,pay_jtrfhgmuceoetd5pcccwrsiff4,success,completed,GBi2361173,2025-07-15 13:45:22+00
952697,Invoice,1016062,564.43,1,564.43,pay_jtrfhgmuceoetd5pcccwrsiff4,success,completed,GBi2361192,2025-07-15 14:45:16+00
952697,Order,1193020,564.43,1,564.43,pay_jtrfhgmuceoetd5pcccwrsiff4,success,completed,,2025-07-14 19:58:14+00
952881,Invoice,1016988,146.38,1,146.38,4HT30583DU456023G,success,completed,ARi2211216,2025-07-18 14:19:13+00
952881,Invoice,1017100,146.38,1,146.38,4HT30583DU456023G,success,completed,ARi2211217,2025-07-21 09:27:12+00
952881,Order,1193236,146.38,1,146.38,4HT30583DU456023G,success,completed,,2025-07-15 11:36:11+00
952966,Invoice,1016112,327.67,1,327.67,6RP38800KM918911G,success,completed,ATi252018,2025-07-16 07:45:16+00
952966,Invoice,1016115,327.67,1,327.67,6RP38800KM918911G,success,completed,ATi252019,2025-07-16 07:48:14+00
952966,Order,1187580,327.67,1,327.67,6RP38800KM918911G,success,completed,,2025-07-15 13:49:20+00
953554,Invoice,1015768,-28.62,1,-28.62,,success,completed,AWD150097,2025-07-17 10:35:33+00
953554,Invoice,1016098,-28.62,1,-28.62,,success,completed,AWD150097-refund-1,2025-07-17 10:35:33+00
953605,Invoice,1012370,-26.94,1,-26.94,,success,completed,AWFi223406,2025-07-17 11:45:21+00
953605,Invoice,1014703,-26.94,1,-26.94,,success,completed,AWFi223406-refund-1,2025-07-17 11:45:21+00
953607,Invoice,1004722,-28.38,1,-28.38,,success,completed,AWFi223310,2025-07-17 11:45:34+00
953607,Invoice,1014701,-28.38,1,-28.38,,success,completed,AWFi223310-refund-1,2025-07-17 11:45:34+00
953727,Invoice,1015172,-9.71,1,-9.71,,success,completed,AWD150028,2025-07-17 13:42:07+00
953727,Invoice,1016686,-9.71,1,-9.71,,success,completed,AWD150028-refund-1,2025-07-17 13:42:07+00
954015,Invoice,1016985,350.00,1,350.00,pay_nvzhmihfydsu3cnntqqshqnuum,fail,declined,ITi252288,2025-07-18 14:12:14+00
954015,Invoice,1017016,350.00,1,350.00,pay_nvzhmihfydsu3cnntqqshqnuum,fail,declined,ITi252291,2025-07-21 07:45:23+00
954015,Order,1160100,350.00,1,350.00,pay_nvzhmihfydsu3cnntqqshqnuum,fail,declined,,2025-07-18 11:50:24+00
954016,Invoice,1016985,350.00,1,350.00,pay_5ubf4wfqaige5h7p6t6epxrxza,fail,declined,ITi252288,2025-07-18 14:12:14+00
954016,Invoice,1017016,350.00,1,350.00,pay_5ubf4wfqaige5h7p6t6epxrxza,fail,declined,ITi252291,2025-07-21 07:45:23+00
954016,Order,1160100,350.00,1,350.00,pay_5ubf4wfqaige5h7p6t6epxrxza,fail,declined,,2025-07-18 11:50:24+00
954018,Invoice,1016985,350.00,1,350.00,pay_6qwzxrvbwfpepllsnzabsvjoxy,success,completed,ITi252288,2025-07-18 14:12:14+00
954018,Invoice,1017016,350.00,1,350.00,pay_6qwzxrvbwfpepllsnzabsvjoxy,success,completed,ITi252291,2025-07-21 07:45:23+00
954018,Order,1160100,350.00,1,350.00,pay_6qwzxrvbwfpepllsnzabsvjoxy,success,completed,,2025-07-18 11:50:24+00
954155,Invoice,1017146,299.40,1,299.40,47J46246FP837535B,success,completed,ATi252041,2025-07-21 10:16:16+00
954155,Invoice,1017285,299.40,1,299.40,47J46246FP837535B,success,completed,ATi252045,2025-07-21 12:19:19+00
954155,Order,1193661,299.40,1,299.40,47J46246FP837535B,success,completed,,2026-04-29 13:14:58+00
954188,Invoice,1017647,637.91,1,637.91,pay_wmoat6tukylezpomrjizntjbta,success,completed,GBi2361532,2025-07-22 13:35:23+00
954188,Invoice,1017667,637.91,1,637.91,pay_wmoat6tukylezpomrjizntjbta,success,completed,GBi2361536,2025-07-22 14:03:18+00
954188,Order,1126914,637.91,1,637.91,pay_wmoat6tukylezpomrjizntjbta,success,completed,,2025-07-19 14:55:27+00
954521,Invoice,1016047,-11.22,1,-11.22,,success,completed,AWD150404,2025-07-21 07:50:48+00
954521,Invoice,1017020,-11.22,1,-11.22,,success,completed,AWD150404-refund-1,2025-07-21 07:50:48+00
954539,Invoice,1016742,0.00,1,0.00,,success,completed,AWD150630,2025-07-21 08:09:55+00
954539,Invoice,1017024,0.00,1,0.00,,success,completed,AWD150630-refund-1,2025-07-21 08:09:55+00
954540,Invoice,1016742,0.00,1,0.00,,success,completed,AWD150630,2025-07-21 08:09:55+00
954540,Invoice,1017025,0.00,1,0.00,,success,completed,AWD150630-refund-2,2025-07-21 08:09:55+00
954541,Invoice,1016742,-10.08,1,-10.08,,success,completed,AWD150630,2025-07-21 08:09:56+00
954541,Invoice,1017026,-10.08,1,-10.08,,success,completed,AWD150630-refund-3,2025-07-21 08:09:56+00
954693,Invoice,1016065,-7.99,1,-7.99,,success,completed,AWD150431,2025-07-21 11:04:04+00
954693,Invoice,1017194,-7.99,1,-7.99,,success,completed,AWD150431-refund-1,2025-07-21 11:04:04+00
954711,Invoice,1015541,-5.16,1,-5.16,,success,completed,AWD150336,2025-07-21 11:30:42+00
954711,Invoice,1017235,-5.16,1,-5.16,,success,completed,AWD150336-refund-1,2025-07-21 11:30:42+00
954768,Invoice,1016770,-2.40,1,-2.40,,success,completed,AWD150666,2025-07-21 13:27:50+00
954768,Invoice,1017330,-2.40,1,-2.40,,success,completed,AWD150666-refund-2,2025-07-21 13:27:50+00
954806,Invoice,1015669,-4.58,1,-4.58,,success,completed,AWD150290,2025-07-21 14:46:45+00
954806,Invoice,1017359,-4.58,1,-4.58,,success,completed,AWD150290-refund-1,2025-07-21 14:46:45+00
955363,Invoice,1017308,-15.23,1,-15.23,,success,completed,AWD150809,2025-07-23 10:41:53+00
955363,Invoice,1017894,-15.23,1,-15.23,,success,completed,AWD150809-refund-1,2025-07-23 10:41:53+00
955373,Invoice,1017312,-16.94,1,-16.94,,success,completed,AWD150810,2025-07-23 11:14:16+00
955373,Invoice,1017914,-16.94,1,-16.94,,success,completed,AWD150810-refund-1,2025-07-23 11:14:16+00
955381,Invoice,1016625,-14.52,1,-14.52,,success,completed,AWD150580,2025-07-23 11:41:39+00
955381,Invoice,1017925,-14.52,1,-14.52,,success,completed,AWD150580-refund-1,2025-07-23 11:41:38+00
955382,Invoice,1016556,-11.17,1,-11.17,,success,completed,AWD150602,2025-07-23 11:45:04+00
955382,Invoice,1017927,-11.17,1,-11.17,,success,completed,AWD150602-refund-1,2025-07-23 11:45:04+00
955423,Invoice,1016710,-32.59,1,-32.59,,success,completed,AWD150619,2025-07-23 13:43:14+00
955423,Invoice,1018004,-32.59,1,-32.59,,success,completed,AWD150619-refund-1,2025-07-23 13:43:13+00
955433,Invoice,1017070,-7.64,1,-7.64,,success,completed,AWD150732,2025-07-23 14:19:06+00
955433,Invoice,1018028,-7.64,1,-7.64,,success,completed,AWD150732-refund-1,2025-07-23 14:19:06+00
955434,Invoice,1017164,-11.21,1,-11.21,,success,completed,AWD150771,2025-07-23 14:32:15+00
955434,Invoice,1018039,-11.21,1,-11.21,,success,completed,AWD150771-refund-1,2025-07-23 14:32:15+00
955436,Invoice,1017302,-15.23,1,-15.23,,success,completed,AWD150801,2025-07-23 14:34:53+00
955436,Invoice,1018041,-15.23,1,-15.23,,success,completed,AWD150801-refund-1,2025-07-23 14:34:53+00
955463,Invoice,1019254,33.64,1,33.64,pay_llxeolpbeceepc52wj3cok5t6i,success,completed,ARi2211304,2025-07-29 09:38:15+00
955463,Invoice,1019268,33.64,1,33.64,pay_llxeolpbeceepc52wj3cok5t6i,success,completed,ARi2211305,2025-07-29 09:52:22+00
955463,Invoice,1021946,33.64,1,33.64,pay_llxeolpbeceepc52wj3cok5t6i,success,completed,ARi2211415,2025-08-07 09:11:18+00
955463,Order,1195402,33.64,1,33.64,pay_llxeolpbeceepc52wj3cok5t6i,success,completed,,2025-07-23 17:12:15+00
955648,Invoice,1017362,-10.13,1,-10.13,,success,completed,AWD150821,2025-07-24 11:32:14+00
955648,Invoice,1018267,-10.13,1,-10.13,,success,completed,AWD150821-refund-1,2025-07-24 11:32:14+00
955662,Invoice,1015842,-19.02,1,-19.02,,success,completed,AWD150316,2025-07-24 11:52:43+00
955662,Invoice,1018279,-19.02,1,-19.02,,success,completed,AWD150316-refund-1,2025-07-24 11:52:43+00
955665,Invoice,1017079,-7.19,1,-7.19,,success,completed,AWD150734,2025-07-24 11:57:36+00
955665,Invoice,1018287,-7.19,1,-7.19,,success,completed,AWD150734-refund-2,2025-07-24 11:57:36+00
955950,Invoice,1015427,-7.58,1,-7.58,,success,completed,AWD150354,2025-07-25 10:33:03+00
955950,Invoice,1018554,-7.58,1,-7.58,,success,completed,AWD150354-refund-5,2025-07-25 10:33:03+00
956009,Invoice,1017398,-6.26,1,-6.26,,success,completed,AWD150834,2025-07-25 12:08:57+00
956009,Invoice,1018623,-6.26,1,-6.26,,success,completed,AWD150834-refund-1,2025-07-25 12:08:57+00
956061,Invoice,1017900,-27.83,1,-27.83,,success,completed,AWD150920,2025-07-25 13:39:23+00
956061,Invoice,1018693,-27.83,1,-27.83,,success,completed,AWD150920-refund-1,2025-07-25 13:39:23+00
956524,Invoice,1018343,-31.98,1,-31.98,,success,completed,AWD150927,2025-07-28 07:11:13+00
956524,Invoice,1018753,-31.98,1,-31.98,,success,completed,AWD150927-refund-1,2025-07-28 07:11:13+00
956696,Invoice,1018851,-10.32,1,-3.59,,success,completed,AWD151241,2025-07-28 10:51:53+00
956696,Invoice,1018897,-3.59,1,-3.59,,success,completed,AWD151241-refund-1,2025-07-28 10:51:53+00
956733,Invoice,1017625,-8.93,1,-8.93,,success,completed,AWD150826,2025-07-28 11:56:40+00
956733,Invoice,1018956,-8.93,1,-8.93,,success,completed,AWD150826-refund-1,2025-07-28 11:56:40+00
957113,Invoice,1019976,261.22,1,261.22,pay_chhnxsexqxhupgq2mgzpnt62zq,success,completed,GBi2362161,2025-07-31 07:31:20+00
957113,Invoice,1021818,261.22,1,261.22,pay_chhnxsexqxhupgq2mgzpnt62zq,success,completed,GBi2362632,2025-08-06 14:53:20+00
957113,Order,1121325,261.22,1,261.22,pay_chhnxsexqxhupgq2mgzpnt62zq,success,completed,,2025-07-29 11:01:28+00
957403,Invoice,1005800,-26.48,1,-26.48,,success,completed,AWDi2343396,2025-07-30 08:42:43+00
957403,Invoice,1019616,-26.48,1,-26.48,,success,completed,AWDi2343396-refund-1,2025-07-30 08:42:43+00
957417,Invoice,1018445,-13.73,1,-13.73,,success,completed,AWD151096,2025-07-30 09:07:54+00
957417,Invoice,1019640,-13.73,1,-13.73,,success,completed,AWD151096-refund-1,2025-07-30 09:07:54+00
957496,Invoice,1018235,-15.54,1,-15.54,,success,completed,AWD150857,2025-07-30 11:20:20+00
957496,Invoice,1019746,-15.54,1,-15.54,,success,completed,AWD150857-refund-1,2025-07-30 11:20:20+00
957497,Invoice,1016712,-177.96,1,-177.96,,success,completed,AWD150623,2025-07-30 11:23:10+00
957497,Invoice,1019748,-177.96,1,-177.96,,success,completed,AWD150623-refund-1,2025-07-30 11:23:10+00
957556,Invoice,1020214,101.27,1,101.27,pay_nqjrkcdhebmu5bgvrcm43aq6ai,success,completed,GBi2362227,2025-07-31 12:30:26+00
957556,Invoice,1020254,101.27,1,101.27,pay_nqjrkcdhebmu5bgvrcm43aq6ai,success,completed,GBi2362238,2025-07-31 13:20:31+00
957556,Order,1198329,101.27,1,101.27,pay_nqjrkcdhebmu5bgvrcm43aq6ai,success,completed,,2025-07-30 13:50:29+00
957682,Invoice,1019220,-42.80,1,-42.80,,success,completed,AWD151353,2025-07-31 07:23:47+00
957682,Invoice,1019971,-42.80,1,-42.80,,success,completed,AWD151353-refund-1,2025-07-31 07:23:47+00
957709,Invoice,1019455,-20.71,1,-20.71,,success,completed,AWD151454,2025-07-31 08:06:01+00
957709,Invoice,1020000,-20.71,1,-20.71,,success,completed,AWD151454-refund-1,2025-07-31 08:06:01+00
957712,Invoice,1018850,-26.48,1,-26.48,,success,completed,AWD151242,2025-07-31 08:09:26+00
957712,Invoice,1020003,-26.48,1,-26.48,,success,completed,AWD151242-refund-1,2025-07-31 08:09:26+00
957716,Invoice,1019266,-8.42,1,-8.42,,success,completed,AWD151361,2025-07-31 08:13:31+00
957716,Invoice,1020004,-8.42,1,-8.42,,success,completed,AWD151361-refund-1,2025-07-31 08:13:31+00
957852,Invoice,1017404,-13.62,1,-13.62,,success,completed,AWD150837,2025-07-31 11:35:22+00
957852,Invoice,1020161,-13.62,1,-13.62,,success,completed,AWD150837-refund-1,2025-07-31 11:35:22+00
958750,Invoice,1019506,-7.91,1,-7.91,,success,completed,AWD151420,2025-08-04 07:34:20+00
958750,Invoice,1020667,-7.91,1,-7.91,,success,completed,AWD151420-refund-1,2025-08-04 07:34:20+00
958785,Invoice,1015505,-44.80,1,-44.80,,success,completed,AWD150177,2025-08-04 08:39:34+00
958785,Invoice,1020717,-44.80,1,-44.80,,success,completed,AWD150177-refund-1,2025-08-04 08:39:34+00
958877,Invoice,1019137,-16.25,1,-16.25,,success,completed,AWD151282,2025-08-04 10:10:35+00
958877,Invoice,1020787,-16.25,1,-16.25,,success,completed,AWD151282-refund-1,2025-08-04 10:10:35+00
958917,Invoice,1014453,-10.50,1,-10.50,,success,completed,AWDi2345140,2025-08-04 11:05:55+00
958917,Invoice,1020835,-10.50,1,-10.50,,success,completed,AWDi2345140-refund-1,2025-08-04 11:05:55+00
958959,Invoice,1007427,-9.05,1,-9.05,,success,completed,AWDi2343764,2025-08-04 11:57:07+00
958959,Invoice,1020881,-9.05,1,-9.05,,success,completed,AWDi2343764-refund-1,2025-08-04 11:57:07+00
959002,Invoice,1020091,-7.64,1,-7.64,,success,completed,AWD151590,2025-08-04 13:32:42+00
959002,Invoice,1020966,-7.64,1,-7.64,,success,completed,AWD151590-refund-1,2025-08-04 13:32:42+00
959577,Invoice,1004716,-211.68,1,-211.68,,success,completed,AWFi223304,2025-08-06 07:23:41+00
959577,Invoice,1016336,-211.68,1,-211.68,,success,completed,AWFi223304-refund-4,2025-08-06 07:23:41+00
959695,Invoice,1017496,-6.30,1,-6.30,,success,completed,AWD150820,2025-08-06 10:39:29+00
959695,Invoice,1021657,-6.30,1,-6.30,,success,completed,AWD150820-refund-1,2025-08-06 10:39:29+00
959744,Invoice,1021440,-1.20,1,-1.20,,success,completed,AWD151911,2025-08-06 12:19:35+00
959744,Invoice,1021721,-1.20,1,-1.20,,success,completed,AWD151911-refund-1,2025-08-06 12:19:35+00
959745,Invoice,1021440,-3.35,1,-3.35,,success,completed,AWD151911,2025-08-06 12:20:10+00
959745,Invoice,1021723,-3.35,1,-3.35,,success,completed,AWD151911-refund-2,2025-08-06 12:20:10+00
959827,Invoice,1017111,-22.32,1,-22.32,,success,completed,AWD150757,2025-08-06 14:30:04+00
959827,Invoice,1021812,-22.32,1,-22.32,,success,completed,AWD150757-refund-1,2025-08-06 14:30:04+00
959829,Invoice,1018102,-8.99,1,-8.99,,success,completed,AWD151023,2025-08-06 14:31:42+00
959829,Invoice,1021813,-8.99,1,-8.99,,success,completed,AWD151023-refund-1,2025-08-06 14:31:42+00
959983,Invoice,1020864,-12.77,1,-12.77,,success,completed,AWD151773,2025-08-07 07:57:50+00
959983,Invoice,1021858,-12.77,1,-12.77,,success,completed,AWD151773-refund-1,2025-08-07 07:57:50+00
959988,Invoice,1018653,-3.35,1,-3.35,,success,completed,AWD151177,2025-08-07 08:08:13+00
959988,Invoice,1021864,-3.35,1,-3.35,,success,completed,AWD151177-refund-1,2025-08-07 08:08:13+00
959991,Invoice,1019521,-8.69,1,-8.69,,success,completed,AWD151394,2025-08-07 08:13:04+00
959991,Invoice,1021874,-8.69,1,-8.69,,success,completed,AWD151394-refund-1,2025-08-07 08:13:04+00
960044,Invoice,1020794,-7.55,1,-7.55,,success,completed,AWD151705,2025-08-07 09:02:18+00
960044,Invoice,1021939,-7.55,1,-7.55,,success,completed,AWD151705-refund-1,2025-08-07 09:02:17+00
961322,Invoice,1010930,-18.82,1,-18.82,,success,completed,AWDi2344473,2025-08-11 14:25:52+00
961322,Invoice,1022813,-18.82,1,-18.82,,success,completed,AWDi2344473-refund-1,2025-08-11 14:25:52+00
961885,Invoice,1022161,-12.89,1,-12.89,,success,completed,AWD152062,2025-08-13 08:11:16+00
961885,Invoice,1023340,-12.89,1,-12.89,,success,completed,AWD152062-refund-1,2025-08-13 08:11:16+00
961986,Invoice,1022535,-10.31,1,-10.31,,success,completed,AWD152114,2025-08-13 11:13:50+00
961986,Invoice,1023514,-10.31,1,-10.31,,success,completed,AWD152114-refund-1,2025-08-13 11:13:50+00
961995,Invoice,1020041,-41.21,1,-41.21,,success,completed,AWD151448,2025-08-13 11:34:44+00
961995,Invoice,1023524,-41.21,1,-41.21,,success,completed,AWD151448-refund-1,2025-08-13 11:34:44+00
961998,Invoice,1016271,-59.53,1,-59.53,,success,completed,AWD150482,2025-08-13 11:37:44+00
961998,Invoice,1023528,-59.53,1,-59.53,,success,completed,AWD150482-refund-1,2025-08-13 11:37:44+00
961999,Invoice,1019627,-2.88,1,-2.88,,success,completed,AWD151485,2025-08-13 11:39:15+00
961999,Invoice,1023531,-2.88,1,-2.88,,success,completed,AWD151485-refund-1,2025-08-13 11:39:15+00
962000,Invoice,1020783,-36.64,1,-36.64,,success,completed,AWD151684,2025-08-13 11:41:15+00
962000,Invoice,1023532,-36.64,1,-36.64,,success,completed,AWD151684-refund-1,2025-08-13 11:41:15+00
962001,Invoice,1007363,-25.19,1,-25.19,,success,completed,AWDi2343754,2025-08-13 11:42:52+00
962001,Invoice,1023533,-25.19,1,-25.19,,success,completed,AWDi2343754-refund-2,2025-08-13 11:42:52+00
962011,Invoice,1022217,-7.91,1,-7.91,,success,completed,AWD152087,2025-08-13 12:18:20+00
962011,Invoice,1023558,-7.91,1,-7.91,,success,completed,AWD152087-refund-1,2025-08-13 12:18:20+00
962013,Invoice,1020765,-5.50,1,-5.50,,success,completed,AWD151663,2025-08-13 12:22:32+00
962013,Invoice,1023562,-5.50,1,-5.50,,success,completed,AWD151663-refund-1,2025-08-13 12:22:32+00
962015,Invoice,1021239,-16.96,1,-16.96,,success,completed,AWD151867,2025-08-13 12:25:25+00
962015,Invoice,1023563,-16.96,1,-16.96,,success,completed,AWD151867-refund-1,2025-08-13 12:25:25+00
962016,Invoice,1021719,-10.03,1,-10.03,,success,completed,AWD151900,2025-08-13 12:29:01+00
962016,Invoice,1023565,-10.03,1,-10.03,,success,completed,AWD151900-refund-1,2025-08-13 12:29:01+00
962018,Invoice,1021642,-22.04,1,-22.04,,success,completed,AWD151939,2025-08-13 12:31:01+00
962018,Invoice,1023566,-22.04,1,-22.04,,success,completed,AWD151939-refund-1,2025-08-13 12:31:01+00
962021,Invoice,1022005,-6.59,1,-6.59,,success,completed,AWD152036,2025-08-13 12:40:59+00
962021,Invoice,1023574,-6.59,1,-6.59,,success,completed,AWD152036-refund-2,2025-08-13 12:40:58+00
962025,Invoice,1021660,-39.24,1,-39.24,,success,completed,AWD151961,2025-08-13 12:45:20+00
962025,Invoice,1023579,-39.24,1,-39.24,,success,completed,AWD151961-refund-1,2025-08-13 12:45:20+00
962038,Invoice,1022346,-7.40,1,-7.40,,success,completed,AWD152100,2025-08-13 13:01:30+00
962038,Invoice,1023595,-7.40,1,-7.40,,success,completed,AWD152100-refund-1,2025-08-13 13:01:30+00
962242,Invoice,1022540,-10.03,1,-10.03,,success,completed,AWD152118,2025-08-14 08:02:41+00
962242,Invoice,1023703,-10.03,1,-10.03,,success,completed,AWD152118-refund-1,2025-08-14 08:02:41+00
962299,Invoice,1022026,-39.28,1,-39.28,,success,completed,AWD152025,2025-08-14 09:51:57+00
962299,Invoice,1023770,-39.28,1,-39.28,,success,completed,AWD152025-refund-1,2025-08-14 09:51:57+00
962358,Invoice,1021618,-7.34,1,-7.34,,success,completed,AWD151960,2025-08-14 11:54:32+00
962358,Invoice,1023874,-7.34,1,-7.34,,success,completed,AWD151960-refund-1,2025-08-14 11:54:32+00
962385,Invoice,1022396,-51.71,1,-51.71,,success,completed,AWD152088,2025-08-14 12:48:57+00
962385,Invoice,1023910,-51.71,1,-51.71,,success,completed,AWD152088-refund-1,2025-08-14 12:48:57+00
962410,Invoice,1024194,534.76,1,534.76,pay_ykuv6ow6hvsuboqkuoqurgl47y,fail,declined,GBi2363186,2025-08-15 12:16:13+00
962410,Invoice,1024947,534.76,1,534.76,pay_ykuv6ow6hvsuboqkuoqurgl47y,fail,declined,GBi2363398,2025-08-19 14:31:21+00
962410,Order,1203341,534.76,1,534.76,pay_ykuv6ow6hvsuboqkuoqurgl47y,fail,declined,,2025-08-14 13:42:22+00
962415,Invoice,1024194,534.76,1,534.76,pay_b7j5chlhhixeplevjbqioo2s34,fail,declined,GBi2363186,2025-08-15 12:16:13+00
962415,Invoice,1024947,534.76,1,534.76,pay_b7j5chlhhixeplevjbqioo2s34,fail,declined,GBi2363398,2025-08-19 14:31:21+00
962415,Order,1203341,534.76,1,534.76,pay_b7j5chlhhixeplevjbqioo2s34,fail,declined,,2025-08-14 13:42:22+00
962418,Invoice,1024194,534.76,1,534.76,pay_n23u4iqbss3etevd7fynm7wowa,success,completed,GBi2363186,2025-08-15 12:16:13+00
962418,Invoice,1024947,534.76,1,534.76,pay_n23u4iqbss3etevd7fynm7wowa,success,completed,GBi2363398,2025-08-19 14:31:21+00
962418,Order,1203341,534.76,1,534.76,pay_n23u4iqbss3etevd7fynm7wowa,success,completed,,2025-08-14 13:42:22+00
962471,Invoice,1024183,169.91,1,169.91,pay_hnlva6p6os7eplg7ieygjaf5sm,success,completed,GBi2363183,2025-08-15 11:51:20+00
962471,Invoice,1024292,169.91,1,169.91,pay_hnlva6p6os7eplg7ieygjaf5sm,success,completed,GBi2363239,2025-08-15 14:46:41+00
962471,Order,1203485,169.91,1,169.91,pay_hnlva6p6os7eplg7ieygjaf5sm,success,completed,,2025-08-14 18:06:17+00
962472,Invoice,1024183,169.91,1,169.91,pay_hak3rw6lxode7hounbj7ns34bm,fail,declined,GBi2363183,2025-08-15 11:51:20+00
962472,Invoice,1024292,169.91,1,169.91,pay_hak3rw6lxode7hounbj7ns34bm,fail,declined,GBi2363239,2025-08-15 14:46:41+00
962472,Order,1203485,169.91,1,169.91,pay_hak3rw6lxode7hounbj7ns34bm,fail,declined,,2025-08-14 18:06:17+00
962845,Invoice,1024806,515.21,1,515.21,806372963W451531Y,success,completed,ITi252445,2025-08-19 10:08:18+00
962845,Invoice,1024819,515.21,1,515.21,806372963W451531Y,success,completed,ITi252446,2025-08-19 10:27:21+00
962845,Invoice,1024827,515.21,1,515.21,806372963W451531Y,success,completed,ITi252447,2025-08-19 10:41:21+00
962845,Order,1203085,515.21,1,515.21,806372963W451531Y,success,completed,,2025-08-16 12:36:21+00
963173,Invoice,1023657,-12.89,1,-12.89,,success,completed,AWD152461,2025-08-18 07:57:26+00
963173,Invoice,1024318,-12.89,1,-12.89,,success,completed,AWD152461-refund-1,2025-08-18 07:57:26+00
963446,Invoice,1022709,-7.55,1,-7.55,,success,completed,AWD152182,2025-08-18 13:37:09+00
963446,Invoice,1024605,-7.55,1,-7.55,,success,completed,AWD152182-refund-1,2025-08-18 13:37:09+00
963462,Invoice,1022562,-7.55,1,-7.55,,success,completed,AWD152179,2025-08-18 13:57:51+00
963462,Invoice,1024628,-7.55,1,-7.55,,success,completed,AWD152179-refund-2,2025-08-18 13:57:51+00
963471,Invoice,1023333,-16.25,1,-16.25,,success,completed,AWD152381,2025-08-18 14:09:36+00
963471,Invoice,1024642,-16.25,1,-16.25,,success,completed,AWD152381-refund-1,2025-08-18 14:09:36+00
963544,Invoice,1025627,390.14,1,390.14,0cr2wdhh,success,completed,GBi2363526,2025-08-21 11:18:21+00
963544,Invoice,1025632,390.14,1,390.14,0cr2wdhh,success,completed,GBi2363528,2025-08-21 11:27:22+00
963544,Order,1200211,390.14,1,390.14,0cr2wdhh,success,completed,,2025-08-18 19:51:18+00
963690,Invoice,1022541,-16.00,1,-16.00,,success,completed,AWD152045,2025-08-19 10:14:00+00
963690,Invoice,1024808,-16.00,1,-16.00,,success,completed,AWD152045-refund-1,2025-08-19 10:14:00+00
964001,Invoice,1023771,-13.63,1,-13.63,,success,completed,AWD152506,2025-08-20 08:07:15+00
964001,Invoice,1024999,-13.63,1,-13.63,,success,completed,AWD152506-refund-1,2025-08-20 08:07:15+00
964052,Invoice,1022589,-11.16,1,-11.16,,success,completed,AWD152173,2025-08-20 08:50:01+00
964052,Invoice,1025026,-11.16,1,-11.16,,success,completed,AWD152173-refund-1,2025-08-20 08:50:01+00
964076,Invoice,1023639,-9.83,1,-9.83,,success,completed,AWD152453,2025-08-20 09:08:31+00
964076,Invoice,1025043,-9.83,1,-9.83,,success,completed,AWD152453-refund-1,2025-08-20 09:08:31+00
964097,Invoice,1023639,-9.30,1,-9.30,,success,completed,AWD152453,2025-08-20 09:49:49+00
964097,Invoice,1025077,-9.30,1,-9.30,,success,completed,AWD152453-refund-2,2025-08-20 09:49:49+00
964115,Invoice,1021337,-8.40,1,-8.40,,success,completed,AWD151866,2025-08-20 10:13:55+00
964115,Invoice,1025110,-8.40,1,-8.40,,success,completed,AWD151866-refund-1,2025-08-20 10:13:55+00
964117,Invoice,1022975,-12.66,1,-12.66,,success,completed,AWD152296,2025-08-20 10:16:31+00
964117,Invoice,1025112,-12.66,1,-12.66,,success,completed,AWD152296-refund-2,2025-08-20 10:16:31+00
964120,Invoice,1022357,-16.28,1,-16.28,,success,completed,AWD152044,2025-08-20 10:17:32+00
964120,Invoice,1025114,-16.28,1,-16.28,,success,completed,AWD152044-refund-1,2025-08-20 10:17:32+00
964136,Invoice,1023922,-11.60,1,-11.60,,success,completed,AWD152540,2025-08-20 10:44:56+00
964136,Invoice,1025168,-11.60,1,-11.60,,success,completed,AWD152540-refund-1,2025-08-20 10:44:56+00
964137,Invoice,1022127,-4.48,1,-4.48,,success,completed,AWD152056,2025-08-20 10:47:07+00
964137,Invoice,1025174,-4.48,1,-4.48,,success,completed,AWD152056-refund-1,2025-08-20 10:47:07+00
964139,Invoice,1022127,-27.53,1,-27.53,,success,completed,AWD152056,2025-08-20 10:47:44+00
964139,Invoice,1025179,-27.53,1,-27.53,,success,completed,AWD152056-refund-2,2025-08-20 10:47:44+00
964172,Invoice,1023776,-9.31,1,-9.31,,success,completed,AWD152511,2025-08-20 11:58:32+00
964172,Invoice,1025225,-9.31,1,-9.31,,success,completed,AWD152511-refund-1,2025-08-20 11:58:32+00
964173,Invoice,1023776,-5.72,1,-5.72,,success,completed,AWD152511,2025-08-20 12:03:46+00
964173,Invoice,1025226,-5.72,1,-5.72,,success,completed,AWD152511-refund-2,2025-08-20 12:03:46+00
964180,Invoice,1026166,213.34,1,213.34,pay_3li2bczh77geja7vwl6ymgwde4,success,completed,GBi2363713,2025-08-22 14:03:18+00
964180,Invoice,1027623,213.34,1,213.34,pay_3li2bczh77geja7vwl6ymgwde4,success,completed,GBi2364047,2025-08-28 12:37:04+00
964180,Order,1205332,213.34,1,213.34,pay_3li2bczh77geja7vwl6ymgwde4,success,completed,,2025-08-20 12:18:21+00
964181,Invoice,1023625,-15.17,1,-15.17,,success,completed,AWD152406,2025-08-20 12:18:48+00
964181,Invoice,1025238,-15.17,1,-15.17,,success,completed,AWD152406-refund-1,2025-08-20 12:18:48+00
964191,Invoice,1022960,-32.59,1,-32.59,,success,completed,AWD152290,2025-08-20 12:44:01+00
964191,Invoice,1025271,-32.59,1,-32.59,,success,completed,AWD152290-refund-1,2025-08-20 12:44:01+00
964199,Invoice,1022548,-7.99,1,-7.99,,success,completed,AWD152128,2025-08-20 12:53:38+00
964199,Invoice,1025282,-7.99,1,-7.99,,success,completed,AWD152128-refund-1,2025-08-20 12:53:38+00
964249,Invoice,1023752,-6.62,1,-6.62,,success,completed,AWD152496,2025-08-20 14:14:57+00
964249,Invoice,1025321,-6.62,1,-6.62,,success,completed,AWD152496-refund-1,2025-08-20 14:14:57+00
964251,Invoice,1023646,-35.83,1,-35.83,,success,completed,AWD152254,2025-08-20 14:16:58+00
964251,Invoice,1025322,-35.83,1,-35.83,,success,completed,AWD152254-refund-1,2025-08-20 14:16:58+00
964258,Invoice,1023780,-16.25,1,-16.25,,success,completed,AWD152510,2025-08-20 14:22:07+00
964258,Invoice,1025323,-16.25,1,-16.25,,success,completed,AWD152510-refund-1,2025-08-20 14:22:07+00
964260,Invoice,1024241,-34.12,1,-34.12,,success,completed,AWD152615,2025-08-20 14:27:11+00
964260,Invoice,1025327,-34.12,1,-34.12,,success,completed,AWD152615-refund-1,2025-08-20 14:27:11+00
964265,Invoice,1022586,-6.28,1,-6.28,,success,completed,AWD152176,2025-08-20 14:41:48+00
964265,Invoice,1025336,-6.28,1,-6.28,,success,completed,AWD152176-refund-1,2025-08-20 14:41:48+00
964269,Invoice,1024319,-14.52,1,-14.52,,success,completed,AWD152650,2025-08-20 14:49:42+00
964269,Invoice,1025340,-14.52,1,-14.52,,success,completed,AWD152650-refund-1,2025-08-20 14:49:42+00
964270,Invoice,1023631,-9.88,1,-9.88,,success,completed,AWD152427,2025-08-20 14:52:08+00
964270,Invoice,1025341,-9.88,1,-9.88,,success,completed,AWD152427-refund-1,2025-08-20 14:52:08+00
964384,Invoice,1012682,-1.20,1,-1.20,,success,completed,AWFi223420,2025-08-21 07:21:37+00
964384,Invoice,1012901,-1.20,1,-1.20,,success,completed,AWFi223420-refund-1,2025-08-21 07:21:37+00
964385,Invoice,1012682,-28.80,1,-28.80,,success,completed,AWFi223420,2025-08-21 07:21:37+00
964385,Invoice,1012904,-28.80,1,-28.80,,success,completed,AWFi223420-refund-2,2025-08-21 07:21:37+00
964414,Invoice,1023693,-7.32,1,-7.32,,success,completed,AWD152359,2025-08-21 08:24:27+00
964414,Invoice,1025447,-7.32,1,-7.32,,success,completed,AWD152359-refund-1,2025-08-21 08:24:27+00
964416,Invoice,1022552,-22.19,1,-22.19,,success,completed,AWD152129,2025-08-21 08:27:42+00
964416,Invoice,1025450,-22.19,1,-22.19,,success,completed,AWD152129-refund-1,2025-08-21 08:27:42+00
964418,Invoice,1022519,-16.25,1,-16.25,,success,completed,AWD152115,2025-08-21 08:33:13+00
964418,Invoice,1025457,-16.25,1,-16.25,,success,completed,AWD152115-refund-1,2025-08-21 08:33:13+00
964422,Invoice,1024648,-27.48,1,-27.48,,success,completed,AWD152718,2025-08-21 08:41:56+00
964422,Invoice,1025468,-27.48,1,-27.48,,success,completed,AWD152718-refund-1,2025-08-21 08:41:56+00
964423,Invoice,1024648,0.00,1,0.00,,success,completed,AWD152718,2025-08-21 08:42:11+00
964423,Invoice,1025469,0.00,1,0.00,,success,completed,AWD152718-refund-2,2025-08-21 08:42:11+00
964424,Invoice,1024648,-3.59,1,-3.59,,success,completed,AWD152718,2025-08-21 08:42:11+00
964424,Invoice,1025468,-3.59,1,-3.59,,success,completed,AWD152718-refund-1,2025-08-21 08:42:11+00
964512,Invoice,1020637,-26.32,1,-26.32,,success,completed,AWD151656,2025-08-21 10:40:18+00
964512,Invoice,1025577,-26.32,1,-26.32,,success,completed,AWD151656-refund-1,2025-08-21 10:40:18+00
964994,Invoice,1025489,-10.45,1,-10.45,,success,completed,AWD152966,2025-08-22 13:33:54+00
964994,Invoice,1026140,-10.45,1,-10.45,,success,completed,AWD152966-refund-1,2025-08-22 13:33:54+00
965002,Invoice,1024730,-3.35,1,-3.35,,success,completed,AWD152784,2025-08-22 13:39:28+00
965002,Invoice,1026143,-3.35,1,-3.35,,success,completed,AWD152784-refund-1,2025-08-22 13:39:27+00
965030,Invoice,1026262,29.62,1,29.62,pay_eitr2elroygendu2hycv2a5egu,success,completed,DEUi253070,2025-08-25 10:27:15+00
965030,Invoice,1026263,29.62,1,29.62,pay_eitr2elroygendu2hycv2a5egu,success,completed,DEUi253071,2025-08-25 10:27:43+00
965030,Order,1206071,29.62,1,29.62,pay_eitr2elroygendu2hycv2a5egu,success,completed,,2025-08-22 14:56:05+00
965797,Invoice,1020360,-2.40,1,-2.40,,success,completed,AWFi223451,2025-08-26 07:57:45+00
965797,Invoice,1021400,-2.40,1,-2.40,,success,completed,AWFi223451-refund-1,2025-08-26 07:57:45+00
966106,Invoice,1023658,-10.13,1,-10.13,,success,completed,AWD152464,2025-08-26 14:27:46+00
966106,Invoice,1026803,-10.13,1,-10.13,,success,completed,AWD152464-refund-1,2025-08-26 14:27:46+00
966206,Invoice,1027334,579.83,1,579.83,pay_pnh4b4ik6joudnvbkbpe25vhqu,success,completed,SKi252562,2025-08-28 07:51:06+00
966206,Invoice,1027336,579.83,1,579.83,pay_pnh4b4ik6joudnvbkbpe25vhqu,success,completed,SKi252563,2025-08-28 07:54:07+00
966206,Order,1206906,579.83,1,579.83,pay_pnh4b4ik6joudnvbkbpe25vhqu,success,completed,,2025-08-26 21:48:06+00
966313,Invoice,1022347,-18.29,1,-18.29,,success,completed,AWD152096,2025-08-27 08:50:41+00
966313,Invoice,1026925,-18.29,1,-18.29,,success,completed,AWD152096-refund-1,2025-08-27 08:50:41+00
966320,Invoice,1020637,-17.88,1,-17.88,,success,completed,AWD151656,2025-08-27 08:57:01+00
966320,Invoice,1026933,-17.88,1,-17.88,,success,completed,AWD151656-refund-3,2025-08-27 08:57:01+00
966332,Invoice,1022621,-4.84,1,-4.84,,success,completed,AWD152154,2025-08-27 09:07:38+00
966332,Invoice,1026944,-4.84,1,-4.84,,success,completed,AWD152154-refund-1,2025-08-27 09:07:38+00
966335,Invoice,1022621,-3.58,1,-3.58,,success,completed,AWD152154,2025-08-27 09:08:12+00
966335,Invoice,1026944,-3.58,1,-3.58,,success,completed,AWD152154-refund-1,2025-08-27 09:08:12+00
966342,Invoice,1022534,-7.62,1,-7.62,,success,completed,AWD152121,2025-08-27 09:17:26+00
966342,Invoice,1026949,-7.62,1,-7.62,,success,completed,AWD152121-refund-1,2025-08-27 09:17:26+00
966343,Invoice,1022536,-13.07,1,-13.07,,success,completed,AWD152123,2025-08-27 09:17:56+00
966343,Invoice,1026950,-13.07,1,-13.07,,success,completed,AWD152123-refund-1,2025-08-27 09:17:56+00
966344,Invoice,1023662,-11.70,1,-11.70,,success,completed,AWD152469,2025-08-27 09:18:29+00
966344,Invoice,1026951,-11.70,1,-11.70,,success,completed,AWD152469-refund-1,2025-08-27 09:18:29+00
966346,Invoice,1025522,-7.56,1,-7.56,,success,completed,AWD152949,2025-08-27 09:20:54+00
966346,Invoice,1026952,-7.56,1,-7.56,,success,completed,AWD152949-refund-1,2025-08-27 09:20:54+00
966363,Invoice,1023790,-5.17,1,-5.17,,success,completed,AWD152523,2025-08-27 09:41:28+00
966363,Invoice,1026962,-5.17,1,-5.17,,success,completed,AWD152523-refund-1,2025-08-27 09:41:28+00
966379,Invoice,1023700,-11.60,1,-11.60,,success,completed,AWD152490,2025-08-27 09:51:45+00
966379,Invoice,1026967,-11.60,1,-11.60,,success,completed,AWD152490-refund-1,2025-08-27 09:51:45+00
966413,Invoice,1024755,-11.86,1,-11.86,,success,completed,AWD152732,2025-08-27 10:36:10+00
966413,Invoice,1027008,-11.86,1,-11.86,,success,completed,AWD152732-refund-1,2025-08-27 10:36:10+00
966422,Invoice,1023763,-13.36,1,-13.36,,success,completed,AWD152505,2025-08-27 10:45:56+00
966422,Invoice,1027020,-13.36,1,-13.36,,success,completed,AWD152505-refund-1,2025-08-27 10:45:56+00
966435,Invoice,1023629,-16.97,1,-16.97,,success,completed,AWD152422,2025-08-27 11:03:33+00
966435,Invoice,1027052,-16.97,1,-16.97,,success,completed,AWD152422-refund-1,2025-08-27 11:03:33+00
966445,Invoice,1024911,-4.58,1,-4.58,,success,completed,AWD152760,2025-08-27 11:25:18+00
966445,Invoice,1027076,-4.58,1,-4.58,,success,completed,AWD152760-refund-1,2025-08-27 11:25:18+00
966446,Invoice,1025823,-12.76,1,-12.76,,success,completed,AWD153005,2025-08-27 11:25:59+00
966446,Invoice,1027078,-12.76,1,-12.76,,success,completed,AWD153005-refund-1,2025-08-27 11:25:59+00
966453,Invoice,1023699,-12.37,1,-12.37,,success,completed,AWD152485,2025-08-27 11:30:27+00
966453,Invoice,1027084,-12.37,1,-12.37,,success,completed,AWD152485-refund-1,2025-08-27 11:30:27+00
966458,Invoice,1022517,-20.95,1,-20.95,,success,completed,AWD152113,2025-08-27 11:41:51+00
966458,Invoice,1027101,-20.95,1,-20.95,,success,completed,AWD152113-refund-1,2025-08-27 11:41:51+00
966467,Invoice,1022404,-6.82,1,-6.82,,success,completed,AWD152106,2025-08-27 11:56:49+00
966467,Invoice,1027121,-6.82,1,-6.82,,success,completed,AWD152106-refund-1,2025-08-27 11:56:49+00
966469,Invoice,1022404,-3.23,1,-3.23,,success,completed,AWD152106,2025-08-27 11:57:40+00
966469,Invoice,1027123,-3.23,1,-3.23,,success,completed,AWD152106-refund-2,2025-08-27 11:57:40+00
966474,Invoice,1022975,-7.19,1,-7.19,,success,completed,AWD152296,2025-08-27 12:05:11+00
966474,Invoice,1027134,-7.19,1,-7.19,,success,completed,AWD152296-refund-3,2025-08-27 12:05:11+00
966496,Invoice,1022720,-8.02,1,-8.02,,success,completed,AWD152191,2025-08-27 12:33:49+00
966496,Invoice,1027163,-8.02,1,-8.02,,success,completed,AWD152191-refund-1,2025-08-27 12:33:49+00
966501,Invoice,1027845,2681.95,1,2681.95,PL25283,success,cancelled,PLi253498,2025-08-29 14:09:04+00
966501,Invoice,1030362,2681.95,1,2681.95,PL25283,success,cancelled,PLi253576,2025-09-08 09:41:11+00
966501,Order,1205281,2681.95,1,2681.95,PL25283,success,cancelled,,2025-08-27 12:40:19+00
966506,Invoice,1022525,-26.63,1,-26.63,,success,completed,AWD152117,2025-08-27 12:54:24+00
966506,Invoice,1027177,-26.63,1,-26.63,,success,completed,AWD152117-refund-1,2025-08-27 12:54:24+00
966725,Invoice,1023659,-11.27,1,-11.27,,success,completed,AWD152466,2025-08-28 08:13:19+00
966725,Invoice,1027349,-11.27,1,-11.27,,success,completed,AWD152466-refund-1,2025-08-28 08:13:19+00
966727,Invoice,1023691,-7.80,1,-7.80,,success,completed,AWD152479,2025-08-28 08:16:36+00
966727,Invoice,1027353,-7.80,1,-7.80,,success,completed,AWD152479-refund-1,2025-08-28 08:16:36+00
966775,Invoice,1024714,-14.23,1,-14.23,,success,completed,AWD152775,2025-08-28 09:05:28+00
966775,Invoice,1027406,-14.23,1,-14.23,,success,completed,AWD152775-refund-1,2025-08-28 09:05:28+00
966782,Invoice,1027397,-4.55,1,-4.55,,success,completed,AWD153312,2025-08-28 09:10:42+00
966782,Invoice,1027414,-4.55,1,-4.55,,success,completed,AWD153312-refund-1,2025-08-28 09:10:42+00
966839,Invoice,1026618,-23.39,1,-23.39,,success,completed,AWD153103,2025-08-28 11:16:09+00
966839,Invoice,1027564,-23.39,1,-23.39,,success,completed,AWD153103-refund-1,2025-08-28 11:16:09+00
966842,Invoice,1019817,-13.65,1,-13.65,,success,completed,DEUi252760,2025-08-28 11:34:06+00
966842,Invoice,1027570,-13.65,1,-13.65,,success,completed,DEUi252760-refund-1,2025-08-28 11:34:06+00
966867,Invoice,1020096,-9.42,1,-9.42,,success,completed,DEUi252770,2025-08-28 12:16:42+00
966867,Invoice,1027609,-9.42,1,-9.42,,success,completed,DEUi252770-refund-2,2025-08-28 12:16:42+00
967120,Invoice,1022137,-15.00,1,-15.00,,success,completed,DESi227797,2025-08-29 08:50:15+00
967120,Invoice,1027769,-15.00,1,-15.00,,success,completed,DESi227797-refund-1,2025-08-29 08:50:15+00
967143,Invoice,1023783,-12.67,1,-12.67,,success,completed,AWD152513,2025-08-29 10:52:42+00
967143,Invoice,1027801,-12.67,1,-12.67,,success,completed,AWD152513-refund-1,2025-08-29 10:52:42+00
967872,Invoice,1023717,-18.24,1,-18.24,,success,completed,AWD152487,2025-09-01 07:53:49+00
967872,Invoice,1028233,-18.24,1,-18.24,,success,completed,AWD152487-refund-1,2025-09-01 07:53:49+00
967899,Invoice,1024422,-39.24,1,-39.24,,success,completed,AWD152633,2025-09-01 08:33:12+00
967899,Invoice,1028265,-39.24,1,-39.24,,success,completed,AWD152633-refund-1,2025-09-01 08:33:12+00
967902,Invoice,1023786,-7.34,1,-7.34,,success,completed,AWD152518,2025-09-01 08:35:26+00
967902,Invoice,1028267,-7.34,1,-7.34,,success,completed,AWD152518-refund-1,2025-09-01 08:35:26+00
967939,Invoice,1025189,-7.57,1,-7.57,,success,completed,AWD152913,2025-09-01 09:04:47+00
967939,Invoice,1028295,-7.57,1,-7.57,,success,completed,AWD152913-refund-1,2025-09-01 09:04:47+00
968059,Invoice,1029236,232.04,1,232.04,pay_6zqukij6qo6ubbg3ynwkqceguu,success,completed,ITi252547,2025-09-03 09:22:32+00
968059,Invoice,1029419,232.04,1,232.04,pay_6zqukij6qo6ubbg3ynwkqceguu,success,completed,ITi252556,2025-09-03 12:37:08+00
968059,Order,1187583,232.04,1,232.04,pay_6zqukij6qo6ubbg3ynwkqceguu,success,completed,,2025-09-01 10:47:07+00
968145,Invoice,1027006,-399.94,1,-399.94,,success,completed,AWD153207,2025-09-01 13:33:44+00
968145,Invoice,1028552,-399.94,1,-399.94,,success,completed,AWD153207-refund-1,2025-09-01 13:33:44+00
968153,Invoice,1027333,-4.80,1,-4.80,,success,completed,AWD153278,2025-09-01 13:41:35+00
968153,Invoice,1028581,-4.80,1,-4.80,,success,completed,AWD153278-refund-2,2025-09-01 13:41:35+00
968154,Invoice,1027333,-3.59,1,-3.59,,success,completed,AWD153278,2025-09-01 13:41:54+00
968154,Invoice,1028582,-3.59,1,-3.59,,success,completed,AWD153278-refund-3,2025-09-01 13:41:54+00
968155,Invoice,1027333,-4.80,1,-4.80,,success,completed,AWD153278,2025-09-01 13:41:54+00
968155,Invoice,1028581,-4.80,1,-4.80,,success,completed,AWD153278-refund-2,2025-09-01 13:41:54+00
968190,Invoice,1027006,-399.94,1,-399.94,,success,completed,AWD153207,2025-09-01 14:43:49+00
968190,Invoice,1028552,-399.94,1,-399.94,,success,completed,AWD153207-refund-1,2025-09-01 14:43:49+00
970224,Invoice,1031288,210.58,1,210.58,pay_3jbn5zfven4elaa4cv6wpyhdeu,success,completed,GBi2364951,2025-09-10 11:49:14+00
970224,Invoice,1031307,210.58,1,210.58,pay_3jbn5zfven4elaa4cv6wpyhdeu,success,completed,GBi2364954,2025-09-10 12:26:10+00
970224,Order,1211038,210.58,1,210.58,pay_3jbn5zfven4elaa4cv6wpyhdeu,success,completed,,2025-09-07 17:27:09+00
970429,Invoice,1030360,-129.65,1,-129.65,PL251123R,success,cancelled,PL251123R,2025-09-08 09:40:15+00
970429,Invoice,1030362,-129.65,1,-129.65,PL251123R,success,cancelled,PLi253576,2025-09-08 09:41:11+00
970429,Order,1205281,-129.65,1,-129.65,PL251123R,success,cancelled,,2025-09-08 09:41:21+00
972707,Invoice,1038157,1522.28,1,1522.28,1724567168,success,completed,ARi2212164,2025-10-03 10:27:07+00
972707,Invoice,1038177,1522.28,1,1522.28,1724567168,success,completed,ARi2212165,2025-10-03 11:07:07+00
972707,Order,1213680,1522.28,1,1522.28,1724567168,success,completed,,2025-09-17 17:20:44+00
972712,Invoice,1035056,598.62,1,598.62,12J657536E757431E,success,completed,ARi2212020,2025-09-24 09:45:33+00
972712,Invoice,1040060,598.62,1,598.62,12J657536E757431E,success,completed,ARi2212254,2025-10-09 14:21:08+00
972712,Order,1213696,598.62,1,598.62,12J657536E757431E,success,completed,,2025-09-17 17:20:49+00
973072,Invoice,1033371,129.32,1,129.32,5T137847NL5050109,success,completed,EUi254186,2025-09-19 06:03:04+00
973072,Invoice,1033900,129.32,1,129.32,5T137847NL5050109,success,completed,EUi254209,2025-09-19 15:58:26+00
973072,Order,1214888,129.32,1,129.32,5T137847NL5050109,success,completed,,2025-09-17 17:48:02+00
973460,Invoice,1033280,30.47,1,34.29,pay_ijwhp2fqwpvuzd6nw4savnhfti,success,completed,DEUi253402,2025-09-18 11:49:36+00
973460,Invoice,1036669,34.29,1,34.29,pay_ijwhp2fqwpvuzd6nw4savnhfti,success,completed,DEUi253550,2025-09-30 07:25:36+00
973460,Order,1215338,34.29,1,34.29,pay_ijwhp2fqwpvuzd6nw4savnhfti,success,completed,,2025-09-18 09:19:07+00
973461,Invoice,1033280,-3.82,1,7.68,cu-239244-bal-0OggxrJQJH,success,completed,DEUi253402,2025-09-18 11:49:36+00
973461,Invoice,1036669,7.68,1,7.68,cu-239244-bal-0OggxrJQJH,success,completed,DEUi253550,2025-09-30 07:25:36+00
973461,Order,1215338,7.68,1,7.68,cu-239244-bal-0OggxrJQJH,success,completed,,2025-09-18 09:19:07+00
975108,Invoice,1038157,-423.50,1,-423.50,01576,success,completed,ARi2212164,2025-10-03 10:27:07+00
975108,Invoice,1038177,-423.50,1,-423.50,01576,success,completed,ARi2212165,2025-10-03 11:07:07+00
975108,Order,1213680,-423.50,1,-423.50,01576,success,completed,,2025-10-03 10:27:16+00
976425,Invoice,1035675,17.83,1,17.83,pay_gq5u3nesydiu5godgtitrbc5lu,success,completed,AWD155251,2025-09-25 14:40:39+00
976425,Invoice,1073443,17.83,1,17.83,pay_gq5u3nesydiu5godgtitrbc5lu,success,completed,inv-awd-261841,2026-01-08 15:26:27+00
976425,Order,1217699,17.83,1,17.83,pay_gq5u3nesydiu5godgtitrbc5lu,success,completed,,2025-09-25 09:52:47+00
976556,Invoice,1035724,103.84,1,103.84,pay_zzxyzhxdewuu5clikpnn67h4ty,success,completed,GBi2365980,2025-09-26 07:57:05+00
976556,Invoice,1035865,103.84,1,103.84,pay_zzxyzhxdewuu5clikpnn67h4ty,success,completed,GBi2365992,2025-09-26 10:16:07+00
976556,Order,1218032,103.84,1,103.84,pay_zzxyzhxdewuu5clikpnn67h4ty,success,completed,,2025-09-25 13:58:05+00
976781,Invoice,1036008,354.89,1,354.89,pay_bq7kp2f2mfeexa7ug4sdks3tq4,success,completed,GBi2366020,2025-09-26 13:01:11+00
976781,Invoice,1036167,354.89,1,354.89,pay_bq7kp2f2mfeexa7ug4sdks3tq4,success,completed,GBi2366042,2025-09-29 07:17:07+00
976781,Order,1214379,354.89,1,354.89,pay_bq7kp2f2mfeexa7ug4sdks3tq4,success,completed,,2025-09-26 09:14:17+00
977433,Invoice,1036437,68.80,1,68.80,pay_tebflcxgksnuvpn4k6k7vfkkf4,success,completed,DEUi252072,2025-09-29 11:51:00+00
977433,Invoice,1036473,68.80,1,68.80,pay_tebflcxgksnuvpn4k6k7vfkkf4,success,completed,DEUi253537,2025-09-29 12:27:35+00
977433,Order,1219156,68.80,1,68.80,pay_tebflcxgksnuvpn4k6k7vfkkf4,success,completed,,2025-09-29 04:56:34+00
977778,Invoice,1036437,-2.73,1,-2.73,cu-01K6AMZMJFNYJFMDACX6A29M36,success,completed,DEUi252072,2025-09-29 11:51:00+00
977778,Invoice,1036473,-2.73,1,-2.73,cu-01K6AMZMJFNYJFMDACX6A29M36,success,completed,DEUi253537,2025-09-29 12:27:35+00
977778,Order,1219156,-2.73,1,-2.73,cu-01K6AMZMJFNYJFMDACX6A29M36,success,completed,,2025-09-29 11:51:00+00
978402,Invoice,1038053,1235.04,1,1235.04,pay_6epgqyoioz4ejftqndnexmuqgm,success,completed,GBi2366451,2025-10-03 07:41:08+00
978402,Invoice,1038064,1235.04,1,1235.04,pay_6epgqyoioz4ejftqndnexmuqgm,success,completed,GBi2366453,2025-10-03 08:11:11+00
978402,Order,1216006,1235.04,1,1235.04,pay_6epgqyoioz4ejftqndnexmuqgm,success,completed,,2025-09-30 19:20:33+00
979398,Invoice,1038053,-142.20,1,-142.20,act_pye2lqdqx5culhrjbdns3kzxa4,success,completed,GBi2366451,2025-10-03 07:41:08+00
979398,Invoice,1038064,-142.20,1,-142.20,act_pye2lqdqx5culhrjbdns3kzxa4,success,completed,GBi2366453,2025-10-03 08:11:11+00
979398,Order,1216006,-142.20,1,-142.20,act_pye2lqdqx5culhrjbdns3kzxa4,success,completed,,2025-10-03 07:40:37+00
979751,Invoice,1038695,49.37,1,49.37,pay_qnjrfdquccfehmb5rajzbstyxi,fail,declined,GBi2366571,2025-10-06 12:41:07+00
979751,Invoice,1038702,49.37,1,49.37,pay_qnjrfdquccfehmb5rajzbstyxi,fail,declined,GBi2366573,2025-10-06 12:45:24+00
979751,Order,1216242,49.37,1,49.37,pay_qnjrfdquccfehmb5rajzbstyxi,fail,declined,,2025-10-03 17:30:10+00
979752,Invoice,1038695,49.37,1,49.37,pay_sys4jz42t37ehpa2klxanbfps4,success,completed,GBi2366571,2025-10-06 12:41:07+00
979752,Invoice,1038702,49.37,1,49.37,pay_sys4jz42t37ehpa2klxanbfps4,success,completed,GBi2366573,2025-10-06 12:45:24+00
979752,Order,1216242,49.37,1,49.37,pay_sys4jz42t37ehpa2klxanbfps4,success,completed,,2025-10-03 17:30:10+00
980117,Invoice,1039134,269.42,1,269.42,rbrjazt0,success,completed,GBi2366666,2025-10-07 12:55:35+00
980117,Invoice,1039209,269.42,1,269.42,rbrjazt0,success,completed,GBi2366672,2025-10-07 13:45:22+00
980117,Order,1215857,269.42,1,269.42,rbrjazt0,success,completed,,2025-10-05 22:11:11+00
981284,Invoice,1039926,255.81,1,255.81,b7znebxm,success,completed,GBi2366824,2025-10-09 12:12:17+00
981284,Invoice,1040065,255.81,1,255.81,b7znebxm,success,completed,GBi2366878,2025-10-09 14:34:05+00
981284,Order,1222991,255.81,1,255.81,b7znebxm,success,completed,,2025-10-08 12:08:23+00
981322,Invoice,1040067,2266.19,1,2266.19,02qavfv9,success,completed,GBi2366880,2025-10-09 15:12:39+00
981322,Invoice,1040068,2266.19,1,2266.19,02qavfv9,success,completed,GBi2366881,2025-10-09 15:15:47+00
981322,Order,1213785,2266.19,1,2266.19,02qavfv9,success,completed,,2025-10-08 12:18:29+00
981631,Invoice,1040650,129.36,1,129.36,pay_s3qvfy2iwiouxe6beakzegvkqq,success,completed,GBi2367035,2025-10-13 08:42:49+00
981631,Invoice,1040657,129.36,1,129.36,pay_s3qvfy2iwiouxe6beakzegvkqq,success,completed,GBi2367036,2025-10-13 08:53:52+00
981631,Order,1223390,129.36,1,129.36,pay_s3qvfy2iwiouxe6beakzegvkqq,success,completed,,2025-10-09 09:46:08+00
982886,Invoice,1040650,-5.76,1,-5.76,act_y4vonwuxm3setoiw3mm7ue5v3m,success,completed,GBi2367035,2025-10-13 08:42:49+00
982886,Invoice,1040657,-5.76,1,-5.76,act_y4vonwuxm3setoiw3mm7ue5v3m,success,completed,GBi2367036,2025-10-13 08:53:52+00
982886,Order,1223390,-5.76,1,-5.76,act_y4vonwuxm3setoiw3mm7ue5v3m,success,completed,,2025-10-13 08:43:07+00
985707,Invoice,1043693,267.14,1,267.14,pay_fo7ohzy325oehnsldble5fpkve,success,completed,GBi2367686,2025-10-21 12:56:44+00
985707,Invoice,1043703,267.14,1,267.14,pay_fo7ohzy325oehnsldble5fpkve,success,completed,GBi2367688,2025-10-21 13:06:21+00
985707,Order,1227649,267.14,1,267.14,pay_fo7ohzy325oehnsldble5fpkve,success,completed,,2025-10-19 18:47:03+00
986161,Invoice,1052519,363.35,1,363.35,01651,success,completed,ACAi03278,2025-11-14 11:40:17+00
986161,Invoice,1052523,363.35,1,363.35,01651,success,completed,ACAi03279,2025-11-14 11:48:04+00
986161,Order,1227908,363.35,1,363.35,01651,success,completed,,2025-10-20 14:34:43+00
990100,Invoice,1046953,210.80,1,210.80,7a1ve6nv,success,completed,GBi2368391,2025-10-30 13:56:11+00
990100,Invoice,1046986,210.80,1,210.80,7a1ve6nv,success,completed,GBi2368399,2025-10-30 14:31:39+00
990100,Order,1232041,210.80,1,210.80,7a1ve6nv,success,completed,,2025-10-29 20:23:08+00
992568,Invoice,1048633,127.21,1,127.21,ph298ae0,success,completed,GBi2368749,2025-11-05 10:27:06+00
992568,Invoice,1048643,127.21,1,127.21,ph298ae0,success,completed,GBi2368751,2025-11-05 11:00:22+00
992568,Order,1157196,127.21,1,127.21,ph298ae0,success,completed,,2025-11-04 14:00:22+00
993013,Invoice,1048973,501.80,1,501.80,5mb2bmvh,success,completed,GBi2368852,2025-11-06 10:09:25+00
993013,Invoice,1048997,501.80,1,501.80,5mb2bmvh,success,completed,GBi2368856,2025-11-06 10:23:08+00
993013,Order,1229548,501.80,1,501.80,5mb2bmvh,success,completed,,2025-11-05 15:22:22+00
993307,Invoice,1048986,8.66,1,8.66,pay_wihu6nyr46xefeujwosxf6acrm,success,completed,DEUi254318,2025-11-06 10:16:14+00
993307,Invoice,1048987,8.66,1,8.66,pay_wihu6nyr46xefeujwosxf6acrm,success,completed,DEUi254319,2025-11-06 10:16:40+00
993307,Order,1235248,8.66,1,8.66,pay_wihu6nyr46xefeujwosxf6acrm,success,completed,,2025-11-06 08:44:59+00
994251,Invoice,1051068,285.08,1,285.08,pay_sgi3mfxp4hcebbgiv7v35d72mm,fail,declined,GBi2369275,2025-11-11 13:08:18+00
994251,Invoice,1051966,285.08,1,285.08,pay_sgi3mfxp4hcebbgiv7v35d72mm,fail,declined,GBi2369513,2025-11-13 11:29:06+00
994251,Order,1150277,285.08,1,285.08,pay_sgi3mfxp4hcebbgiv7v35d72mm,fail,declined,,2025-11-08 00:40:07+00
994254,Invoice,1051068,290.92,1,290.92,pay_xib4gqv3fpyupitjxv4eylyiay,success,completed,GBi2369275,2025-11-11 13:08:18+00
994254,Invoice,1051966,290.92,1,290.92,pay_xib4gqv3fpyupitjxv4eylyiay,success,completed,GBi2369513,2025-11-13 11:29:06+00
994254,Order,1150277,290.92,1,290.92,pay_xib4gqv3fpyupitjxv4eylyiay,success,completed,,2025-11-08 01:34:04+00
994675,Invoice,1051238,279.55,1,279.55,pay_ufmd6ybeg5budca5ajzqpqrvsm,success,completed,GBi2369350,2025-11-11 15:28:43+00
994675,Invoice,1051252,279.55,1,279.55,pay_ufmd6ybeg5budca5ajzqpqrvsm,success,completed,GBi2369364,2025-11-11 15:57:06+00
994675,Order,1236397,279.55,1,279.55,pay_ufmd6ybeg5budca5ajzqpqrvsm,success,completed,,2025-11-09 19:39:06+00
994708,Invoice,1050093,30.75,1,30.75,pay_rmji7775n7we3n5ylelcnvfjcy,success,completed,DEUi254373,2025-11-10 10:18:58+00
994708,Invoice,1050132,30.75,1,30.75,pay_rmji7775n7we3n5ylelcnvfjcy,success,completed,DEUi254377,2025-11-10 10:51:30+00
994708,Order,1236818,30.75,1,30.75,pay_rmji7775n7we3n5ylelcnvfjcy,success,completed,,2025-11-09 21:21:12+00
995164,Invoice,1054213,2011.58,1,2011.58,pay_jk2zqdxw3ycedkfl6jqzfhhlhm,success,completed,ARi2212868,2025-11-19 12:12:15+00
995164,Invoice,1058391,2011.58,1,2011.58,pay_jk2zqdxw3ycedkfl6jqzfhhlhm,success,completed,ARi2213046,2025-11-27 15:42:05+00
995164,Order,1237151,2011.58,1,2011.58,pay_jk2zqdxw3ycedkfl6jqzfhhlhm,success,completed,,2025-11-10 13:09:06+00
995468,Invoice,1051135,55.70,1,55.70,pay_3an35gwatttezmg3nrhuaomj5q,success,completed,ARi2212737,2025-11-11 13:52:05+00
995468,Invoice,1054557,55.70,1,55.70,pay_3an35gwatttezmg3nrhuaomj5q,success,completed,ARi2212879,2025-11-20 10:39:10+00
995468,Order,1237481,55.70,1,55.70,pay_3an35gwatttezmg3nrhuaomj5q,success,completed,,2025-11-10 22:35:13+00
995828,Invoice,1051068,25.00,1,25.00,pay_lfqswmahsxtuji2cbwy65ou6xa,success,completed,GBi2369275,2025-11-11 13:08:18+00
995828,Invoice,1051966,25.00,1,25.00,pay_lfqswmahsxtuji2cbwy65ou6xa,success,completed,GBi2369513,2025-11-13 11:29:06+00
995828,Order,1150277,25.00,1,25.00,pay_lfqswmahsxtuji2cbwy65ou6xa,success,completed,,2025-11-11 13:08:23+00
996686,Invoice,1051804,187.96,1,187.96,#DV67V48ZA6,success,completed,EUi255136,2025-11-13 09:01:04+00
996686,Invoice,1051812,187.96,1,187.96,#DV67V48ZA6,success,completed,EUi255138,2025-11-13 09:08:07+00
996686,Order,1238237,187.96,1,187.96,#DV67V48ZA6,success,completed,,2025-11-13 09:01:10+00
996711,Invoice,1051930,258.90,1,258.90,p698q626,fail,declined,GBi2369503,2025-11-13 11:11:06+00
996711,Invoice,1051943,258.90,1,258.90,p698q626,fail,declined,GBi2369506,2025-11-13 11:19:06+00
996711,Order,1238262,258.90,1,258.90,p698q626,fail,declined,,2025-11-13 10:07:11+00
996748,Invoice,1051930,258.90,1,258.90,pay_zwnvhkstyb7u5aauxembl7llx4,success,completed,GBi2369503,2025-11-13 11:11:06+00
996748,Invoice,1051943,258.90,1,258.90,pay_zwnvhkstyb7u5aauxembl7llx4,success,completed,GBi2369506,2025-11-13 11:19:06+00
996748,Order,1238262,258.90,1,258.90,pay_zwnvhkstyb7u5aauxembl7llx4,success,completed,,2025-11-13 10:10:29+00
997392,Invoice,1052519,-95.62,1,-95.62,01750,success,cancelled,ACAi03278,2025-11-14 11:40:17+00
997392,Invoice,1052523,-95.62,1,-95.62,01750,success,cancelled,ACAi03279,2025-11-14 11:48:04+00
997392,Order,1227908,-95.62,1,-95.62,01750,success,cancelled,,2025-11-14 11:40:20+00
998285,Invoice,1053507,287.36,1,287.36,pay_ef4aq4ur776uhjitigsdhnlrvy,success,completed,GBi2369857,2025-11-18 09:39:11+00
998285,Invoice,1053523,287.36,1,287.36,pay_ef4aq4ur776uhjitigsdhnlrvy,success,completed,GBi2369861,2025-11-18 09:48:09+00
998285,Order,1239667,287.36,1,287.36,pay_ef4aq4ur776uhjitigsdhnlrvy,success,completed,,2025-11-16 18:34:20+00
998286,Invoice,1053507,4.14,1,4.14,43635,success,completed,GBi2369857,2025-11-18 09:39:11+00
998286,Invoice,1053523,4.14,1,4.14,43635,success,completed,GBi2369861,2025-11-18 09:48:09+00
998286,Order,1239667,4.14,1,4.14,43635,success,completed,,2025-11-16 18:34:20+00
1003939,Invoice,1063855,44.17,1,44.17,7a8ah7da,success,completed,GBi2371928,2025-12-09 15:17:07+00
1003939,Invoice,1070427,44.17,1,44.17,7a8ah7da,success,completed,GBi2372977,2025-12-23 13:52:08+00
1003939,Order,1218354,44.17,1,44.17,7a8ah7da,success,completed,,2025-11-25 23:46:04+00
1004282,Invoice,1059065,764.22,1,764.22,17998020RY2146225,success,completed,EUi255538,2025-11-29 09:57:07+00
1004282,Invoice,1059068,764.22,1,764.22,17998020RY2146225,success,completed,EUi255539,2025-11-29 10:07:10+00
1004282,Order,1235333,764.22,1,764.22,17998020RY2146225,success,completed,,2025-11-26 14:15:47+00
1008381,Invoice,1061444,451.48,1,451.48,pay_cz6r5vk5hbzebei7ma7d6cm4hq,success,completed,FREUi253403,2025-12-04 14:40:26+00
1008381,Invoice,1063188,451.48,1,451.48,pay_cz6r5vk5hbzebei7ma7d6cm4hq,success,completed,FREUi253428,2025-12-09 08:41:07+00
1008381,Order,1249222,451.48,1,451.48,pay_cz6r5vk5hbzebei7ma7d6cm4hq,success,completed,,2025-12-03 10:15:13+00
1010299,Invoice,1062986,70.67,1,70.67,pay_xdcs64m5rpfe7fde7n2qhuvqju,success,completed,GBi2371760,2025-12-08 14:40:31+00
1010299,Invoice,1063054,70.67,1,70.67,pay_xdcs64m5rpfe7fde7n2qhuvqju,success,completed,GBi2371785,2025-12-08 15:21:05+00
1010299,Order,1250008,70.67,1,70.67,pay_xdcs64m5rpfe7fde7n2qhuvqju,success,completed,,2025-12-06 15:47:08+00
1010440,Invoice,1063507,258.68,1,258.68,pay_lk6awi2x43yuje74lpuvvmq4li,success,completed,GBi2371859,2025-12-09 11:47:07+00
1010440,Invoice,1063573,258.68,1,258.68,pay_lk6awi2x43yuje74lpuvvmq4li,success,completed,GBi2371861,2025-12-09 13:05:13+00
1010440,Order,1126813,258.68,1,258.68,pay_lk6awi2x43yuje74lpuvvmq4li,success,completed,,2025-12-07 02:35:14+00
1010510,Invoice,1062678,194.46,1,194.46,2EF72056KU639900A,success,completed,EUi255644,2025-12-08 10:58:04+00
1010510,Invoice,1062918,194.46,1,194.46,2EF72056KU639900A,success,completed,EUi255661,2025-12-08 14:14:05+00
1010510,Order,1248898,194.46,1,194.46,2EF72056KU639900A,success,completed,,2025-12-07 11:30:14+00
1010878,Invoice,1064033,478.14,1,478.14,4CF31665YL635310J,success,completed,EUi255689,2025-12-10 09:44:07+00
1010878,Invoice,1073279,478.14,1,478.14,4CF31665YL635310J,success,completed,EUi261099,2026-01-08 12:14:11+00
1010878,Order,1222265,478.14,1,478.14,4CF31665YL635310J,success,completed,,2025-12-08 08:17:11+00
1011535,Invoice,1063841,295.87,1,295.87,pay_plzi2t6p6zfejajflov77zhkda,success,completed,GBi2371922,2025-12-09 15:09:08+00
1011535,Invoice,1064178,295.87,1,295.87,pay_plzi2t6p6zfejajflov77zhkda,success,completed,GBi2371988,2025-12-10 11:05:15+00
1011535,Order,1249675,295.87,1,295.87,pay_plzi2t6p6zfejajflov77zhkda,success,completed,,2025-12-08 17:32:08+00
1013365,Invoice,1066056,11.74,1,11.74,pay_645d2wkz3wuevk7svmquv6t7re,success,completed,FREUi253477,2025-12-15 07:59:06+00
1013365,Invoice,1066183,11.74,1,11.74,pay_645d2wkz3wuevk7svmquv6t7re,success,completed,FREUi253479,2025-12-15 10:23:09+00
1013365,Order,1253636,11.74,1,11.74,pay_645d2wkz3wuevk7svmquv6t7re,success,completed,,2025-12-11 03:57:05+00
1013366,Invoice,1066056,172.28,1,172.28,40516,success,completed,FREUi253477,2025-12-15 07:59:06+00
1013366,Invoice,1066183,172.28,1,172.28,40516,success,completed,FREUi253479,2025-12-15 10:23:09+00
1013366,Order,1253636,172.28,1,172.28,40516,success,completed,,2025-12-11 03:57:05+00
1015490,Invoice,1066056,175.21,1,175.21,pay_agoawgib6xtinf22jk4h445tle,success,completed,FREUi253477,2025-12-15 07:59:06+00
1015490,Invoice,1066183,175.21,1,175.21,pay_agoawgib6xtinf22jk4h445tle,success,completed,FREUi253479,2025-12-15 10:23:09+00
1015490,Order,1253636,175.21,1,175.21,pay_agoawgib6xtinf22jk4h445tle,success,completed,,2025-12-15 07:59:18+00
1018430,Invoice,1071000,90.62,1,90.62,pay_ygbllaabtb5ifn5derlbvbcbuy,success,completed,FREUi261004,2026-01-02 13:47:07+00
1018430,Invoice,1075510,90.62,1,90.62,pay_ygbllaabtb5ifn5derlbvbcbuy,success,completed,FREUi261104,2026-01-15 10:33:09+00
1018430,Order,1257906,90.62,1,90.62,pay_ygbllaabtb5ifn5derlbvbcbuy,success,completed,,2025-12-18 18:37:07+00
1018614,Invoice,1069539,982.51,1,982.51,1JU035920F576683S,success,cancelled,ATi253040,2025-12-19 11:45:05+00
1018614,Invoice,1070855,982.51,1,982.51,1JU035920F576683S,success,cancelled,ATi261001,2026-01-02 08:28:01+00
1018614,Order,1257510,982.51,1,982.51,1JU035920F576683S,success,cancelled,,2025-12-19 10:26:14+00
1023527,Invoice,1074595,216.90,1,216.90,43T14593HP6729730,success,completed,EUi261176,2026-01-13 10:32:56+00
1023527,Invoice,1080119,216.90,1,216.90,43T14593HP6729730,success,completed,EUi261463,2026-01-30 12:48:06+00
1023527,Order,1237850,216.90,1,216.90,43T14593HP6729730,success,completed,,2026-01-08 09:30:50+00
1023659,Invoice,1073731,7.64,1,7.64,pay_qmcgz2qbm26yhdijltsxks64qm,success,completed,inv-awd-261890,2026-01-09 11:50:10+00
1023659,Invoice,1074425,7.64,1,7.64,pay_qmcgz2qbm26yhdijltsxks64qm,success,completed,inv-awd-262040,2026-01-12 14:54:52+00
1023659,Order,1263670,7.64,1,7.64,pay_qmcgz2qbm26yhdijltsxks64qm,success,completed,,2026-01-08 13:09:36+00
1025750,Invoice,1075069,167.87,1,167.87,pay_ubaaxgab2ajylgdu6kkaaefn3y,success,completed,GBi2373777,2026-01-14 09:34:33+00
1025750,Invoice,1075113,167.87,1,167.87,pay_ubaaxgab2ajylgdu6kkaaefn3y,success,completed,GBi2373788,2026-01-14 10:22:07+00
1025750,Order,1258067,167.87,1,167.87,pay_ubaaxgab2ajylgdu6kkaaefn3y,success,completed,,2026-01-13 15:01:19+00
1027654,Invoice,1076178,340.63,1,340.63,pay_p5ty4jabfjqy7flconphd5xvea,success,completed,GBi2373979,2026-01-19 11:42:08+00
1027654,Invoice,1076273,340.63,1,340.63,pay_p5ty4jabfjqy7flconphd5xvea,success,completed,GBi2374002,2026-01-19 13:04:05+00
1027654,Order,1263647,340.63,1,340.63,pay_p5ty4jabfjqy7flconphd5xvea,success,completed,,2026-01-19 08:56:05+00
1028757,Invoice,1077716,6403.86,1,6403.86,pay_flt7cfqboeyyrobmg2v5tve6d4,success,completed,CZi261149,2026-01-23 08:33:44+00
1028757,Invoice,1081589,6403.86,1,6403.86,pay_flt7cfqboeyyrobmg2v5tve6d4,success,completed,CZi261149,2026-02-04 13:37:09+00
1028757,Order,1259149,6403.86,1,6403.86,pay_flt7cfqboeyyrobmg2v5tve6d4,success,completed,,2026-01-21 13:06:15+00
1028843,Invoice,1077321,1948.80,1,1948.80,CEN2601200389009,success,cancelled,EUi261292,2026-01-22 06:53:05+00
1028843,Invoice,1079242,1948.80,1,1948.80,CEN2601200389009,success,cancelled,EUi261410,2026-01-28 09:49:04+00
1028843,Invoice,1081700,1948.80,1,1948.80,CEN2601200389009,success,cancelled,EUi261519,2026-02-05 08:09:07+00
1028843,Order,1268119,1948.80,1,1948.80,CEN2601200389009,success,cancelled,,2026-01-22 06:53:09+00
1028844,Invoice,1077321,-0.70,1,-0.70,41233,success,cancelled,EUi261292,2026-01-22 06:53:05+00
1028844,Invoice,1079242,-0.70,1,-0.70,41233,success,cancelled,EUi261410,2026-01-28 09:49:04+00
1028844,Invoice,1081700,-0.70,1,-0.70,41233,success,cancelled,EUi261519,2026-02-05 08:09:07+00
1028844,Order,1268119,-0.70,1,-0.70,41233,success,cancelled,,2026-01-22 06:53:09+00
1029455,Invoice,1077716,-423.50,1,-423.50,act_hhhdvibrsr3uzdiponbkjriedu,success,completed,CZi261149,2026-01-23 08:33:44+00
1029455,Invoice,1081589,-423.50,1,-423.50,act_hhhdvibrsr3uzdiponbkjriedu,success,completed,CZi261149,2026-02-04 13:37:09+00
1029455,Order,1259149,-423.50,1,-423.50,act_hhhdvibrsr3uzdiponbkjriedu,success,completed,,2026-01-23 08:33:43+00
1030691,Invoice,1081549,65.66,1,65.66,41322,success,completed,ITi261269,2026-02-04 12:34:18+00
1030691,Invoice,1081572,65.66,1,65.66,41322,success,completed,ITi261273,2026-02-04 13:14:07+00
1030691,Order,1270536,65.66,1,65.66,41322,success,completed,,2026-01-26 22:04:09+00
1030963,Invoice,1079431,1091.66,1,1091.66,pay_grcylqiblbgijnhmxdwckox2yq,success,completed,ITi261220,2026-01-28 13:31:15+00
1030963,Invoice,1079458,1091.66,1,1091.66,pay_grcylqiblbgijnhmxdwckox2yq,success,completed,ITi261227,2026-01-28 13:59:12+00
1030963,Order,1269172,1091.66,1,1091.66,pay_grcylqiblbgijnhmxdwckox2yq,success,completed,,2026-01-27 13:20:34+00
1030964,Invoice,1079431,172.96,1,172.96,41342,success,completed,ITi261220,2026-01-28 13:31:15+00
1030964,Invoice,1079458,172.96,1,172.96,41342,success,completed,ITi261227,2026-01-28 13:59:12+00
1030964,Order,1269172,172.96,1,172.96,41342,success,completed,,2026-01-27 13:20:34+00
1031246,Invoice,1079242,0.70,1,0.70,41376,success,cancelled,EUi261410,2026-01-28 09:49:04+00
1031246,Invoice,1081700,0.70,1,0.70,41376,success,cancelled,EUi261519,2026-02-05 08:09:07+00
1031246,Order,1268119,0.70,1,0.70,41376,success,cancelled,,2026-01-28 09:47:08+00
1032250,Invoice,1081549,170.05,1,170.05,20629562497/6XXX,success,completed,ITi261269,2026-02-04 12:34:18+00
1032250,Invoice,1081572,170.05,1,170.05,20629562497/6XXX,success,completed,ITi261273,2026-02-04 13:14:07+00
1032250,Order,1270536,170.05,1,170.05,20629562497/6XXX,success,completed,,2026-01-30 14:27:13+00
1032457,Invoice,1084021,6.81,1,6.81,41457,success,completed,EUi261600,2026-02-12 09:50:20+00
1032457,Invoice,1084023,6.81,1,6.81,41457,success,completed,EUi261601,2026-02-12 09:53:06+00
1032457,Order,1272523,6.81,1,6.81,41457,success,completed,,2026-01-31 14:56:06+00
1033873,Invoice,1081584,-1037.91,1,-1037.91,act_vwuloyjoutdunf75lyjdlmfdn4,success,cancelled,CZ261019R,2026-02-04 13:30:27+00
1033873,Invoice,1081589,-1037.91,1,-1037.91,act_vwuloyjoutdunf75lyjdlmfdn4,success,cancelled,CZi261149,2026-02-04 13:37:09+00
1033873,Order,1259149,-1037.91,1,-1037.91,act_vwuloyjoutdunf75lyjdlmfdn4,success,cancelled,,2026-02-04 13:36:08+00
1033914,Invoice,1084021,352.74,1,352.74,260203SK0EB5KR1Z,success,completed,EUi261600,2026-02-12 09:50:20+00
1033914,Invoice,1084023,352.74,1,352.74,260203SK0EB5KR1Z,success,completed,EUi261601,2026-02-12 09:53:06+00
1033914,Order,1272523,352.74,1,352.74,260203SK0EB5KR1Z,success,completed,,2026-02-04 15:27:11+00
1036097,Invoice,1083591,1183.79,1,1183.79,9P8087839F8322235,success,completed,FREUi261251,2026-02-11 09:45:15+00
1036097,Invoice,1083745,1183.79,1,1183.79,9P8087839F8322235,success,completed,FREUi261252,2026-02-11 11:40:20+00
1036097,Invoice,1083955,1183.79,1,1183.79,9P8087839F8322235,success,completed,FREUi261264,2026-02-12 07:49:13+00
1036097,Order,1208512,1183.79,1,1183.79,9P8087839F8322235,success,completed,,2026-02-11 09:45:20+00
1036342,Invoice,1084021,30.28,1,30.28,260209SK0EC2896D,success,completed,EUi261600,2026-02-12 09:50:20+00
1036342,Invoice,1084023,30.28,1,30.28,260209SK0EC2896D,success,completed,EUi261601,2026-02-12 09:53:06+00
1036342,Order,1272523,30.28,1,30.28,260209SK0EC2896D,success,completed,,2026-02-12 09:50:27+00
1039784,Invoice,1086520,71.36,1,71.36,pay_3mep6xabu7bihoocadct5etx6u,success,completed,GBi2375939,2026-02-20 11:56:05+00
1039784,Invoice,1086597,71.36,1,71.36,pay_3mep6xabu7bihoocadct5etx6u,success,completed,GBi2375948,2026-02-20 13:48:08+00
1039784,Order,1279822,71.36,1,71.36,pay_3mep6xabu7bihoocadct5etx6u,success,completed,,2026-02-19 21:10:17+00
1041244,Invoice,1087420,3060.00,1,3060.00,pay_45n4rjqbyd6ivilsonq3lldf44,success,completed,SEi2601039,2026-02-24 13:44:38+00
1041244,Invoice,1087899,3060.00,1,3060.00,pay_45n4rjqbyd6ivilsonq3lldf44,success,completed,SEi2601040,2026-02-26 06:59:29+00
1041244,Order,1281450,3060.00,1,3060.00,pay_45n4rjqbyd6ivilsonq3lldf44,success,completed,,2026-02-24 10:56:23+00
1041370,Invoice,1087420,-50.00,1,-50.00,cu-01KJ7YA315D7TT9RHD9HBFQVYW,success,completed,SEi2601039,2026-02-24 13:44:38+00
1041370,Invoice,1087899,-50.00,1,-50.00,cu-01KJ7YA315D7TT9RHD9HBFQVYW,success,completed,SEi2601040,2026-02-26 06:59:29+00
1041370,Order,1281450,-50.00,1,-50.00,cu-01KJ7YA315D7TT9RHD9HBFQVYW,success,completed,,2026-02-24 13:44:38+00
1041786,Invoice,1088727,282.52,1,282.52,AGRIFRPP845C01202602251134092865894,success,completed,FREUi261340,2026-03-02 07:59:07+00
1041786,Invoice,1088871,282.52,1,282.52,AGRIFRPP845C01202602251134092865894,success,completed,FREUi261341,2026-03-02 11:03:09+00
1041786,Order,1281451,282.52,1,282.52,AGRIFRPP845C01202602251134092865894,success,completed,,2026-02-25 14:18:10+00
1042706,Invoice,1088446,302.76,1,302.76,pay_kkmbqrabuu5ipgev2hzspig6jy,success,completed,GBi2376340,2026-02-27 11:41:10+00
1042706,Invoice,1088840,302.76,1,302.76,pay_kkmbqrabuu5ipgev2hzspig6jy,success,completed,GBi2376394,2026-03-02 10:20:37+00
1042706,Order,1279400,302.76,1,302.76,pay_kkmbqrabuu5ipgev2hzspig6jy,success,completed,,2026-02-27 11:36:10+00
1045824,Invoice,1091142,302.56,1,302.56,pay_c7hoyaibxqpyngmhxcnc3etoem,fail,declined,GBi2376776,2026-03-09 11:30:26+00
1045824,Invoice,1091179,302.56,1,302.56,pay_c7hoyaibxqpyngmhxcnc3etoem,fail,declined,GBi2376784,2026-03-09 11:55:21+00
1045824,Order,1277423,302.56,1,302.56,pay_c7hoyaibxqpyngmhxcnc3etoem,fail,declined,,2026-03-07 12:13:16+00
1045825,Invoice,1091142,302.56,1,302.56,pay_rjqu2xybhdgi5gyudg7usbwnx4,success,completed,GBi2376776,2026-03-09 11:30:26+00
1045825,Invoice,1091179,302.56,1,302.56,pay_rjqu2xybhdgi5gyudg7usbwnx4,success,completed,GBi2376784,2026-03-09 11:55:21+00
1045825,Order,1277423,302.56,1,302.56,pay_rjqu2xybhdgi5gyudg7usbwnx4,success,completed,,2026-03-07 12:13:16+00
1046528,Invoice,1096107,2422.85,1,2422.85,FP628C3847442280,success,completed,GBi2377629,2026-03-24 08:58:07+00
1046528,Invoice,1096108,2422.85,1,2422.85,FP628C3847442280,success,completed,GBi2377630,2026-03-24 09:02:07+00
1046528,Order,1286466,2422.85,1,2422.85,FP628C3847442280,success,completed,,2026-03-09 12:44:09+00
1046633,Invoice,1098680,62.31,1,62.31,42114,success,completed,ATi261437,2026-03-31 11:32:54+00
1046633,Invoice,1099202,62.31,1,62.31,42114,success,completed,ATi261439-au,2026-04-01 11:05:35+00
1046633,Order,1286557,62.31,1,62.31,42114,success,completed,,2026-03-09 15:20:24+00
1047881,Invoice,1093114,24.56,1,24.56,pay_nnbonzibc3sybjjsnz2c7izm34,success,completed,DESi261875,2026-03-13 12:20:34+00
1047881,Invoice,1093116,24.56,1,24.56,pay_nnbonzibc3sybjjsnz2c7izm34,success,completed,DESi261876,2026-03-13 12:25:01+00
1047881,Order,1287854,24.56,1,24.56,pay_nnbonzibc3sybjjsnz2c7izm34,success,completed,,2026-03-12 09:59:05+00
1048278,Invoice,1093273,34.37,1,34.37,pay_74hmxcqbd5yy5on744fg6eiwla,success,completed,GBi2377147,2026-03-13 16:12:11+00
1048278,Invoice,1093977,34.37,1,34.37,pay_74hmxcqbd5yy5on744fg6eiwla,success,completed,GBi2377260,2026-03-17 11:20:22+00
1048278,Order,1288028,34.37,1,34.37,pay_74hmxcqbd5yy5on744fg6eiwla,success,completed,,2026-03-13 16:12:19+00
1048420,Invoice,1093114,-14.18,1,-14.18,cu-01KKKJ8BSBCRXZX8V4KT2Y71M1,success,completed,DESi261875,2026-03-13 12:20:34+00
1048420,Invoice,1093116,-14.18,1,-14.18,cu-01KKKJ8BSBCRXZX8V4KT2Y71M1,success,completed,DESi261876,2026-03-13 12:25:01+00
1048420,Order,1287854,-14.18,1,-14.18,cu-01KKKJ8BSBCRXZX8V4KT2Y71M1,success,completed,,2026-03-13 12:20:34+00
1048431,Invoice,1093265,165.25,1,165.25,pay_dexddmibd4cydiknwksaqfu3mq,success,completed,GBi2377144,2026-03-13 15:03:09+00
1048431,Invoice,1093270,165.25,1,165.25,pay_dexddmibd4cydiknwksaqfu3mq,success,completed,GBi2377146,2026-03-13 15:35:13+00
1048431,Order,1288360,165.25,1,165.25,pay_dexddmibd4cydiknwksaqfu3mq,success,completed,,2026-03-13 12:41:08+00
1048821,Invoice,1093549,125.72,1,125.72,2xrzfcck,success,completed,GBi2377179,2026-03-16 11:49:07+00
1048821,Invoice,1093575,125.72,1,125.72,2xrzfcck,success,completed,GBi2377189,2026-03-16 12:11:11+00
1048821,Order,1288692,125.72,1,125.72,2xrzfcck,success,completed,,2026-03-15 09:55:12+00
1050567,Invoice,1076405,173.84,1,173.84,#2029871161,success,completed,AWP26i1095,2026-03-19 07:00:51+00
1050567,Invoice,1097133,173.84,1,173.84,#2029871161,success,completed,AWP26i1523,2026-03-26 11:22:25+00
1050567,Order,1262869,173.84,1,173.84,#2029871161,success,completed,,2026-03-19 07:00:51+00
1050578,Invoice,1076405,3.76,1,3.76,customer balance,success,completed,AWP26i1095,2026-03-19 07:10:04+00
1050578,Invoice,1097133,3.76,1,3.76,customer balance,success,completed,AWP26i1523,2026-03-26 11:22:25+00
1050578,Order,1262869,3.76,1,3.76,customer balance,success,completed,,2026-03-19 07:10:04+00
1051486,Invoice,1098742,455.52,1,455.52,pay_rkeeixibieryrny22ubbixbnn4,success,completed,ARi2214610,2026-03-31 12:13:12+00
1051486,Invoice,1099341,455.52,1,455.52,pay_rkeeixibieryrny22ubbixbnn4,success,completed,ARi2214628,2026-04-01 14:53:06+00
1051486,Order,1290666,455.52,1,455.52,pay_rkeeixibieryrny22ubbixbnn4,success,completed,,2026-03-21 16:09:27+00
1055265,Invoice,1098862,149.02,1,149.02,1VF63079CW2359044,success,completed,ITi261650,2026-03-31 13:56:09+00
1055265,Invoice,1099122,149.02,1,149.02,1VF63079CW2359044,success,completed,ITi261653,2026-04-01 09:16:50+00
1055265,Order,1232108,149.02,1,149.02,1VF63079CW2359044,success,completed,,2026-03-31 11:30:53+00
1056876,Invoice,1100753,571.49,1,571.49,pay_bgsl6rabassilfdpktnzuu6yoq,success,completed,GBi2378311,2026-04-08 12:41:13+00
1056876,Invoice,1100827,571.49,1,571.49,pay_bgsl6rabassilfdpktnzuu6yoq,success,completed,GBi2378339,2026-04-08 13:31:11+00
1056876,Order,1292060,571.49,1,571.49,pay_bgsl6rabassilfdpktnzuu6yoq,success,completed,,2026-04-06 16:47:13+00
1056886,Invoice,1103140,886.48,1,886.48,pay_3vojypybydsy7imoysvvhavvpm,success,completed,ARi2214771,2026-04-15 09:19:09+00
1056886,Invoice,1106196,886.48,1,886.48,pay_3vojypybydsy7imoysvvhavvpm,success,completed,ARi2214911,2026-04-24 12:54:10+00
1056886,Order,1185982,886.48,1,886.48,pay_3vojypybydsy7imoysvvhavvpm,success,completed,,2026-04-06 17:26:07+00
1057364,Invoice,1097114,215.68,1,215.68,007130,success,cancelled,ROi261278,2026-04-07 13:42:10+00
1057364,Invoice,1109129,215.68,1,215.68,007130,success,cancelled,ROi261393,2026-05-06 08:06:19+00
1057364,Order,1293253,215.68,1,215.68,007130,success,cancelled,,2026-04-07 13:42:10+00
1057368,Invoice,1100246,-4.77,1,-4.77,ref-bal-01KNM36K35J5XEKFHK80V5QP4Z,success,cancelled,RO261025R,2026-04-07 13:48:05+00
1057368,Invoice,1109129,-4.77,1,-4.77,ref-bal-01KNM36K35J5XEKFHK80V5QP4Z,success,cancelled,ROi261393,2026-05-06 08:06:19+00
1057368,Order,1293253,-4.77,1,-4.77,ref-bal-01KNM36K35J5XEKFHK80V5QP4Z,success,cancelled,,2026-04-07 13:48:05+00
1057734,Invoice,1101665,918.10,1,918.10,pay_wvve2mybdwbileiaipqg5ndvuu,success,completed,EUi262267,2026-04-10 10:09:09+00
1057734,Invoice,1101679,918.10,1,918.10,pay_wvve2mybdwbileiaipqg5ndvuu,success,completed,EUi262269,2026-04-10 10:34:05+00
1057734,Order,1274910,918.10,1,918.10,pay_wvve2mybdwbileiaipqg5ndvuu,success,completed,,2026-04-08 12:55:32+00
1058109,Invoice,1101845,1089.10,1,1089.10,pay_2rztzlqbustiljg5lew5g7kr2e,success,completed,GBi2378528,2026-04-10 13:58:20+00
1058109,Invoice,1101863,1089.10,1,1089.10,pay_2rztzlqbustiljg5lew5g7kr2e,success,completed,GBi2378543,2026-04-10 14:16:33+00
1058109,Order,1272220,1089.10,1,1089.10,pay_2rztzlqbustiljg5lew5g7kr2e,success,completed,,2026-04-09 12:28:20+00
1061174,Invoice,1105146,678.63,1,678.63,pay_u7jdocybgeyyrn4wdn5ofo7adu,success,completed,ATi261526,2026-04-22 07:25:44+00
1061174,Invoice,1105167,678.63,1,678.63,pay_u7jdocybgeyyrn4wdn5ofo7adu,success,completed,ATi261527,2026-04-22 08:12:10+00
1061174,Order,1271890,678.63,1,678.63,pay_u7jdocybgeyyrn4wdn5ofo7adu,success,completed,,2026-04-18 11:03:22+00
1061175,Invoice,1105146,4.00,1,4.00,cu-188486-bal-FRPC9iVA1V,success,completed,ATi261526,2026-04-22 07:25:44+00
1061175,Invoice,1105167,4.00,1,4.00,cu-188486-bal-FRPC9iVA1V,success,completed,ATi261527,2026-04-22 08:12:10+00
1061175,Order,1271890,4.00,1,4.00,cu-188486-bal-FRPC9iVA1V,success,completed,,2026-04-18 11:03:22+00
1062348,Invoice,1105552,215.58,1,215.58,2nk5ah9y,success,completed,GBi2379138,2026-04-23 07:22:08+00
1062348,Invoice,1105595,215.58,1,215.58,2nk5ah9y,success,completed,GBi2379143,2026-04-23 08:35:17+00
1062348,Order,1301520,215.58,1,215.58,2nk5ah9y,success,completed,,2026-04-21 14:01:15+00
1063661,Invoice,1106725,1440.51,1,1440.51,pay_oo3ww3ibcmryrpui6x6qo7txru,success,completed,CZi261603,2026-04-28 06:03:01+00
1063661,Invoice,1112063,1440.51,1,1440.51,pay_oo3ww3ibcmryrpui6x6qo7txru,success,completed,CZi261680,2026-05-14 08:56:21+00
1063661,Order,1304297,1440.51,1,1440.51,pay_oo3ww3ibcmryrpui6x6qo7txru,success,completed,,2026-04-25 15:34:19+00
1063662,Invoice,1106725,11528.80,1,11528.80,cu-57845-bal-eV4Y5BeKJ7,success,completed,CZi261603,2026-04-28 06:03:01+00
1063662,Invoice,1112063,11528.80,1,11528.80,cu-57845-bal-eV4Y5BeKJ7,success,completed,CZi261680,2026-05-14 08:56:21+00
1063662,Order,1304297,11528.80,1,11528.80,cu-57845-bal-eV4Y5BeKJ7,success,completed,,2026-04-25 15:34:19+00
1064213,Invoice,1107229,167.96,1,167.96,42577,success,completed,EUi262486,2026-04-29 07:21:18+00
1064213,Invoice,1107451,167.96,1,167.96,42577,success,completed,EUi262497,2026-04-29 11:52:04+00
1064213,Order,1304878,167.96,1,167.96,42577,success,completed,,2026-04-27 13:35:30+00
1064358,Invoice,1107063,1000.71,1,1000.71,pay_satgjpabfs4ipp4jcmqikar7f4,success,completed,ROi261372,2026-04-28 12:07:56+00
1064358,Invoice,1109008,1000.71,1,1000.71,pay_satgjpabfs4ipp4jcmqikar7f4,success,completed,ROi261389,2026-05-05 14:05:32+00
1064358,Order,1297780,1000.71,1,1000.71,pay_satgjpabfs4ipp4jcmqikar7f4,success,completed,,2026-04-27 20:34:40+00
1064359,Invoice,1107063,91.84,1,91.84,cu-560967-bal-9DiGksXs26,success,completed,ROi261372,2026-04-28 12:07:56+00
1064359,Invoice,1109008,91.84,1,91.84,cu-560967-bal-9DiGksXs26,success,completed,ROi261389,2026-05-05 14:05:32+00
1064359,Order,1297780,91.84,1,91.84,cu-560967-bal-9DiGksXs26,success,completed,,2026-04-27 20:34:40+00
1064612,Invoice,1107669,9.91,1,9.91,cu-254673-bal-3uyfMKH7Vv,success,completed,FREUi261664,2026-04-30 07:24:39+00
1064612,Invoice,1108537,9.91,1,9.91,cu-254673-bal-3uyfMKH7Vv,success,completed,FREUi261673,2026-05-04 14:09:09+00
1064612,Order,1296713,9.91,1,9.91,cu-254673-bal-3uyfMKH7Vv,success,completed,,2026-04-28 11:22:26+00
1064693,Invoice,1107229,130.40,1,130.40,pay_knwkwpib3zaybnvdvanhd6txxq,success,completed,EUi262486,2026-04-29 07:21:18+00
1064693,Invoice,1107451,130.40,1,130.40,pay_knwkwpib3zaybnvdvanhd6txxq,success,completed,EUi262497,2026-04-29 11:52:04+00
1064693,Order,1304878,130.40,1,130.40,pay_knwkwpib3zaybnvdvanhd6txxq,success,completed,,2026-04-29 07:21:16+00
1064724,Invoice,1107669,169.74,1,169.74,BIPT261180200806916,success,completed,FREUi261664,2026-04-30 07:24:39+00
1064724,Invoice,1108537,169.74,1,169.74,BIPT261180200806916,success,completed,FREUi261673,2026-05-04 14:09:09+00
1064724,Order,1296713,169.74,1,169.74,BIPT261180200806916,success,completed,,2026-04-28 14:31:47+00
1064996,Invoice,1110771,0.00,1,0.00,,success,completed,HRi261114,2026-05-11 13:59:10+00
1064996,Invoice,1111203,0.00,1,0.00,,success,completed,HRi261115,2026-05-12 12:55:04+00
1064996,Order,1210757,0.00,1,0.00,,success,completed,,2026-04-29 08:50:12+00
1064998,Invoice,1110771,0.00,1,0.00,,success,cancelled,HRi261114,2026-05-11 13:59:10+00
1064998,Invoice,1111203,0.00,1,0.00,,success,cancelled,HRi261115,2026-05-12 12:55:04+00
1064998,Order,1210757,0.00,1,0.00,,success,cancelled,,2026-04-29 08:52:16+00
1064999,Invoice,1107638,11.85,1,11.85,cu-682259-bal-kQmlC1NsAh,success,completed,DEUi263531,2026-04-30 06:16:26+00
1064999,Invoice,1107640,11.85,1,11.85,cu-682259-bal-kQmlC1NsAh,success,completed,DEUi263533,2026-04-30 06:16:32+00
1064999,Order,1305652,11.85,1,11.85,cu-682259-bal-kQmlC1NsAh,success,completed,,2026-04-29 08:52:53+00
1065148,Invoice,1107987,416.21,1,416.21,pay_grclu4aberhiffe3pueo2xhpim,success,completed,FREUi261668,2026-04-30 13:05:21+00
1065148,Invoice,1108536,416.21,1,416.21,pay_grclu4aberhiffe3pueo2xhpim,success,completed,FREUi261672,2026-05-04 14:02:08+00
1065148,Order,1305696,416.21,1,416.21,pay_grclu4aberhiffe3pueo2xhpim,success,completed,,2026-04-29 12:25:40+00
1065166,Invoice,1107677,316.76,1,316.76,VP26042984101034,success,completed,SKi261748,2026-04-30 07:34:33+00
1065166,Invoice,1108056,316.76,1,316.76,VP26042984101034,success,completed,SKi261748,2026-08-20 16:07:27+00
1065166,Order,1305715,316.76,1,316.76,VP26042984101034,success,completed,,2026-04-29 12:53:12+00
1065192,Invoice,1110771,600.00,1,600.00,pay_zotmliabs4vi3c3nwh3fw5rpdi,success,completed,HRi261114,2026-05-11 13:59:10+00
1065192,Invoice,1111203,600.00,1,600.00,pay_zotmliabs4vi3c3nwh3fw5rpdi,success,completed,HRi261115,2026-05-12 12:55:04+00
1065192,Order,1210757,600.00,1,600.00,pay_zotmliabs4vi3c3nwh3fw5rpdi,success,completed,,2026-04-29 13:26:24+00
1065395,Invoice,1107821,4225.14,1,4225.14,pay_bcjyz6abyf2yjb2dvxrvtg7h5e,success,completed,CZi261624,2026-04-30 10:13:37+00
1065395,Invoice,1111143,4225.14,1,4225.14,pay_bcjyz6abyf2yjb2dvxrvtg7h5e,success,completed,CZi261669,2026-05-12 11:44:56+00
1065395,Order,1306010,4225.14,1,4225.14,pay_bcjyz6abyf2yjb2dvxrvtg7h5e,success,completed,,2026-04-30 08:39:38+00
1065396,Invoice,1107867,106.29,1,106.29,pay_fgafn2yb6ksy5gmhjb6vdogfgq,success,completed,inv-bg-261053,2026-04-30 11:15:07+00
1065396,Invoice,1108538,106.29,1,106.29,pay_fgafn2yb6ksy5gmhjb6vdogfgq,success,completed,inv-bg-261054,2026-05-04 14:11:11+00
1065396,Order,1305061,106.29,1,106.29,pay_fgafn2yb6ksy5gmhjb6vdogfgq,success,completed,,2026-04-30 08:42:32+00
1065397,Invoice,1107867,43.76,1,43.76,cu-709310-bal-6VlO1xVJuJ,success,completed,inv-bg-261053,2026-04-30 11:15:07+00
1065397,Invoice,1108538,43.76,1,43.76,cu-709310-bal-6VlO1xVJuJ,success,completed,inv-bg-261054,2026-05-04 14:11:11+00
1065397,Order,1305061,43.76,1,43.76,cu-709310-bal-6VlO1xVJuJ,success,completed,,2026-04-30 08:42:32+00
1066302,Invoice,1110771,487.55,1,487.55,pay_zrgwbyybvyvizhaa2poeoezeiq,success,completed,HRi261114,2026-05-11 13:59:10+00
1066302,Invoice,1111203,487.55,1,487.55,pay_zrgwbyybvyvizhaa2poeoezeiq,success,completed,HRi261115,2026-05-12 12:55:04+00
1066302,Order,1210757,487.55,1,487.55,pay_zrgwbyybvyvizhaa2poeoezeiq,success,completed,,2026-05-04 08:26:53+00
1066352,Invoice,1109058,1116.14,1,1116.14,pay_f7ou5dabzoyihcw4bec3rvyryi,success,completed,ATi261582,2026-05-06 06:38:31+00
1066352,Invoice,1109086,1116.14,1,1116.14,pay_f7ou5dabzoyihcw4bec3rvyryi,success,completed,ATi261585,2026-05-06 07:17:22+00
1066352,Order,1287644,1116.14,1,1116.14,pay_f7ou5dabzoyihcw4bec3rvyryi,success,completed,,2026-05-04 09:59:32+00
1066361,Invoice,1108485,5309.48,1,5309.48,pay_z2pg3wib2doirjmhrqebhgzfki,success,completed,CZi261631,2026-05-04 11:47:42+00
1066361,Invoice,1109073,5309.48,1,5309.48,pay_z2pg3wib2doirjmhrqebhgzfki,success,completed,CZi261646,2026-05-06 07:07:24+00
1066361,Order,1307200,5309.48,1,5309.48,pay_z2pg3wib2doirjmhrqebhgzfki,success,completed,,2026-05-04 10:15:11+00
1066425,Invoice,1108596,135.30,1,135.30,pay_kjjporabqdzili5kdb3by2tlvu,success,completed,ITi261860,2026-05-05 07:27:06+00
1066425,Invoice,1108641,135.30,1,135.30,pay_kjjporabqdzili5kdb3by2tlvu,success,completed,ITi261861,2026-05-05 08:03:12+00
1066425,Order,1307253,135.30,1,135.30,pay_kjjporabqdzili5kdb3by2tlvu,success,completed,,2026-05-04 12:21:32+00
1066847,Invoice,1108806,-90.83,1,-90.83,ref-bal-01KQVV8PT5AWRF0M7K6140PPXS,success,cancelled,FREU261059R,2026-05-05 10:34:45+00
1066847,Invoice,1108819,-90.83,1,-90.83,ref-bal-01KQVV8PT5AWRF0M7K6140PPXS,success,cancelled,FREU261061R,2026-08-18 07:38:05+00
1066847,Order,1268700,-90.83,1,-90.83,ref-bal-01KQVV8PT5AWRF0M7K6140PPXS,success,cancelled,,2026-05-05 10:34:45+00
1067120,Invoice,1109058,-5.37,1,-5.37,cu-01KQY04VJRJ0TMZ0HRSX8HJCRR,success,completed,ATi261582,2026-05-06 06:38:31+00
1067120,Invoice,1109086,-5.37,1,-5.37,cu-01KQY04VJRJ0TMZ0HRSX8HJCRR,success,completed,ATi261585,2026-05-06 07:17:22+00
1067120,Order,1287644,-5.37,1,-5.37,cu-01KQY04VJRJ0TMZ0HRSX8HJCRR,success,completed,,2026-05-06 06:38:31+00
1068158,Invoice,1110851,111.46,1,111.46,pay_wxgplsyb6mly3cs5y34frk57na,success,completed,FREUi261730,2026-05-12 06:29:03+00
1068158,Invoice,1112144,111.46,1,111.46,pay_wxgplsyb6mly3cs5y34frk57na,success,completed,FREUi261749,2026-05-14 10:48:57+00
1068158,Order,1267402,111.46,1,111.46,pay_wxgplsyb6mly3cs5y34frk57na,success,completed,,2026-05-08 13:16:46+00
1068477,Invoice,1110623,11528.28,1,11528.28,pay_y7ertjabypvi7ag3qwv3blgv6q,success,completed,CZi261661,2026-05-11 11:15:48+00
1068477,Invoice,1110687,11528.28,1,11528.28,pay_y7ertjabypvi7ag3qwv3blgv6q,success,completed,CZi261664,2026-05-11 12:12:17+00
1068477,Order,1309524,11528.28,1,11528.28,pay_y7ertjabypvi7ag3qwv3blgv6q,success,completed,,2026-05-10 09:44:39+00
1068524,Invoice,1110774,136.37,1,136.37,7pezaj1a,success,completed,GBi2380055,2026-05-11 14:08:07+00
1068524,Invoice,1110785,136.37,1,136.37,7pezaj1a,success,completed,GBi2380059,2026-05-11 14:20:24+00
1068524,Order,1309637,136.37,1,136.37,7pezaj1a,success,completed,,2026-05-10 17:15:12+00
1068588,Invoice,1110376,4509.67,1,4509.67,pay_regwugyb7ppixpekjhbg7hxfyu,success,completed,SEi2601104,2026-05-11 07:12:04+00
1068588,Invoice,1110377,4509.67,1,4509.67,pay_regwugyb7ppixpekjhbg7hxfyu,success,completed,SEi2601105,2026-05-11 07:12:06+00
1068588,Order,1304090,4509.67,1,4509.67,pay_regwugyb7ppixpekjhbg7hxfyu,success,completed,,2026-05-10 21:36:53+00
1068720,Invoice,1110771,1500.00,1,1500.00,pay_sc6st2ybx2oyflrx53czmlrykm,success,completed,HRi261114,2026-05-11 13:59:10+00
1068720,Invoice,1111203,1500.00,1,1500.00,pay_sc6st2ybx2oyflrx53czmlrykm,success,completed,HRi261115,2026-05-12 12:55:04+00
1068720,Order,1210757,1500.00,1,1500.00,pay_sc6st2ybx2oyflrx53czmlrykm,success,completed,,2026-05-11 07:43:14+00
1068889,Invoice,1111222,24.26,1,24.26,45085,success,completed,GBi2380121,2026-05-12 13:09:20+00
1068889,Invoice,1111261,24.26,1,24.26,45085,success,completed,GBi2380129,2026-05-12 13:43:16+00
1068889,Order,1309635,24.26,1,24.26,45085,success,completed,,2026-05-11 11:20:28+00
1068890,Invoice,1111222,861.33,1,861.33,pay_gnw5aryb6bqyjkttqomf64mgo4,success,completed,GBi2380121,2026-05-12 13:09:20+00
1068890,Invoice,1111261,861.33,1,861.33,pay_gnw5aryb6bqyjkttqomf64mgo4,success,completed,GBi2380129,2026-05-12 13:43:16+00
1068890,Order,1309635,861.33,1,861.33,pay_gnw5aryb6bqyjkttqomf64mgo4,success,completed,,2026-05-11 11:20:28+00
1068999,Invoice,1111328,1357.57,1,1357.57,pay_xtwszxybixoijeokmljsn4qomi,success,completed,ROi261412,2026-05-13 06:26:50+00
1068999,Invoice,1111998,1357.57,1,1357.57,pay_xtwszxybixoijeokmljsn4qomi,success,completed,ROi261419,2026-05-14 07:50:46+00
1068999,Order,1310047,1357.57,1,1357.57,pay_xtwszxybixoijeokmljsn4qomi,success,completed,,2026-05-11 14:30:57+00
1069398,Invoice,1111597,116.94,1,116.94,pay_xn34qbabhymiddlywgqy6zxkjq,success,completed,GBi2380171,2026-05-13 09:52:08+00
1069398,Invoice,1111621,116.94,1,116.94,pay_xn34qbabhymiddlywgqy6zxkjq,success,completed,GBi2380175,2026-05-13 10:11:06+00
1069398,Order,1302344,116.94,1,116.94,pay_xn34qbabhymiddlywgqy6zxkjq,success,completed,,2026-05-12 13:15:42+00
1069795,Invoice,1112179,559.16,1,559.16,pay_uzvpitqbsmjynice6otqqhehji,success,completed,FREUi261750,2026-05-14 11:57:40+00
1069795,Invoice,1112201,559.16,1,559.16,pay_uzvpitqbsmjynice6otqqhehji,success,completed,FREUi261751,2026-05-14 12:38:48+00
1069795,Order,1310926,559.16,1,559.16,pay_uzvpitqbsmjynice6otqqhehji,success,completed,,2026-05-13 13:32:06+00
1069796,Invoice,1112179,23.88,1,23.88,cu-48921-bal-k46jt7dUaB,success,completed,FREUi261750,2026-05-14 11:57:40+00
1069796,Invoice,1112201,23.88,1,23.88,cu-48921-bal-k46jt7dUaB,success,completed,FREUi261751,2026-05-14 12:38:48+00
1069796,Order,1310926,23.88,1,23.88,cu-48921-bal-k46jt7dUaB,success,completed,,2026-05-13 13:32:06+00
1070010,Invoice,1112179,-59.32,1,-59.32,ref-bal-01KRJSZT9Z1MVXY67BBNWJP2WS,success,cancelled,FREUi261750,2026-05-14 11:57:40+00
1070010,Invoice,1112201,-59.32,1,-59.32,ref-bal-01KRJSZT9Z1MVXY67BBNWJP2WS,success,cancelled,FREUi261751,2026-05-14 12:38:48+00
1070010,Order,1310926,-59.32,1,-59.32,ref-bal-01KRJSZT9Z1MVXY67BBNWJP2WS,success,cancelled,,2026-05-14 08:34:57+00
1070123,Invoice,1112396,351.45,1,351.45,pay_tna4twyb3bcypogtmtyybfs7im,success,completed,FREUi261753,2026-05-15 08:30:13+00
1070123,Invoice,1112595,351.45,1,351.45,pay_tna4twyb3bcypogtmtyybfs7im,success,completed,FREUi261756,2026-05-15 12:31:33+00
1070123,Order,1311203,351.45,1,351.45,pay_tna4twyb3bcypogtmtyybfs7im,success,completed,,2026-05-14 10:32:48+00
1070157,Invoice,1112179,-3.56,1,-3.56,cu-01KRK5JZP4YT6PVSFQ179V4BT9,success,cancelled,FREUi261750,2026-05-14 11:57:40+00
1070157,Invoice,1112201,-3.56,1,-3.56,cu-01KRK5JZP4YT6PVSFQ179V4BT9,success,cancelled,FREUi261751,2026-05-14 12:38:48+00
1070157,Order,1310926,-3.56,1,-3.56,cu-01KRK5JZP4YT6PVSFQ179V4BT9,success,cancelled,,2026-05-14 11:57:39+00
1070430,Invoice,1112396,-128.09,1,-128.09,cu-01KRNC3VQNCCPEZ80ZBHXR25V3,success,completed,FREUi261753,2026-05-15 08:30:13+00
1070430,Invoice,1112595,-128.09,1,-128.09,cu-01KRNC3VQNCCPEZ80ZBHXR25V3,success,completed,FREUi261756,2026-05-15 12:31:33+00
1070430,Order,1311203,-128.09,1,-128.09,cu-01KRNC3VQNCCPEZ80ZBHXR25V3,success,completed,,2026-05-15 08:30:13+00
1071137,Invoice,1113071,172.51,1,172.51,pay_mdeoivqbpeli5e55ubgaugqjza,success,completed,GBi2380408,2026-05-18 13:39:08+00
1071137,Invoice,1113089,172.51,1,172.51,pay_mdeoivqbpeli5e55ubgaugqjza,success,completed,GBi2380413,2026-05-18 13:51:48+00
1071137,Order,1312311,172.51,1,172.51,pay_mdeoivqbpeli5e55ubgaugqjza,success,completed,,2026-05-18 07:08:14+00
1072026,Invoice,1114354,575.45,1,575.45,05D66448038748438,success,completed,ARi2215245,2026-05-21 12:08:18+00
1072026,Invoice,1114695,575.45,1,575.45,05D66448038748438,success,completed,ARi2215273,2026-05-22 13:02:05+00
1072026,Order,1307330,575.45,1,575.45,05D66448038748438,success,completed,,2026-05-19 12:54:08+00
1072097,Invoice,1114002,120.02,1,120.02,91tzeygh,success,completed,GBi2380570,2026-05-20 13:05:51+00
1072097,Invoice,1114008,120.02,1,120.02,91tzeygh,success,completed,GBi2380573,2026-05-20 13:11:08+00
1072097,Order,1312970,120.02,1,120.02,91tzeygh,success,completed,,2026-05-19 15:18:09+00
1072589,Invoice,1114123,3603.66,1,3603.66,pay_qlnbbbybaaqydn25fp5d5m6r54,success,completed,CZi261723,2026-05-21 06:47:43+00
1072589,Invoice,1114323,3603.66,1,3603.66,pay_qlnbbbybaaqydn25fp5d5m6r54,success,completed,CZi261729,2026-05-21 11:46:06+00
1072589,Order,1313503,3603.66,1,3603.66,pay_qlnbbbybaaqydn25fp5d5m6r54,success,completed,,2026-05-20 13:19:12+00
1073386,Invoice,1115190,937.98,1,937.98,7JU81983XS620694N,success,cancelled,EUi262751,2026-05-26 10:49:11+00
1073386,Invoice,1115804,937.98,1,937.98,7JU81983XS620694N,success,cancelled,EUi262781,2026-05-27 11:37:13+00
1073386,Order,1292881,937.98,1,937.98,7JU81983XS620694N,success,cancelled,,2026-05-22 14:47:16+00
1073737,Invoice,1114804,310.49,1,310.49,pay_bxnfwlabkdcyjpc756lv2ve74y,success,completed,SKi261859,2026-05-25 07:14:37+00
1073737,Invoice,1114905,310.49,1,310.49,pay_bxnfwlabkdcyjpc756lv2ve74y,success,completed,SKi261867,2026-05-25 11:15:30+00
1073737,Order,1311491,310.49,1,310.49,pay_bxnfwlabkdcyjpc756lv2ve74y,success,completed,,2026-05-25 05:28:31+00
1073751,Invoice,1114854,28984.80,1,28984.80,#2147588912,success,completed,HUi261690,2026-05-25 09:07:45+00
1073751,Invoice,1114909,28984.80,1,28984.80,#2147588912,success,completed,HUi261694,2026-05-25 11:21:27+00
1073751,Order,1290926,28984.80,1,28984.80,#2147588912,success,completed,,2026-05-25 06:14:25+00
1074201,Invoice,1115366,496.61,1,496.61,pay_rc5jb3abmrbipnasqh2gjlh5ge,success,completed,ATi261657,2026-05-26 13:25:04+00
1074201,Invoice,1115425,496.61,1,496.61,pay_rc5jb3abmrbipnasqh2gjlh5ge,success,completed,ATi261658,2026-05-26 13:57:40+00
1074201,Order,1315150,496.61,1,496.61,pay_rc5jb3abmrbipnasqh2gjlh5ge,success,completed,,2026-05-25 20:18:34+00
1074440,Invoice,1115128,34558.79,1,34558.79,pay_2jr2jeqbwopiddfv3wgxynxp7i,success,completed,HUi261702,2026-05-26 09:47:30+00
1074440,Invoice,1115193,34558.79,1,34558.79,pay_2jr2jeqbwopiddfv3wgxynxp7i,success,completed,HUi261704,2026-05-26 10:54:44+00
1074440,Order,1313793,34558.79,1,34558.79,pay_2jr2jeqbwopiddfv3wgxynxp7i,success,completed,,2026-05-26 08:57:50+00
1074532,Invoice,1115190,201.00,1,201.00,2MU07157WY1143058,success,completed,EUi262751,2026-05-26 10:49:11+00
1074532,Invoice,1115804,201.00,1,201.00,2MU07157WY1143058,success,completed,EUi262781,2026-05-27 11:37:13+00
1074532,Order,1292881,201.00,1,201.00,2MU07157WY1143058,success,completed,,2026-05-26 10:47:12+00
1075750,Invoice,1116611,156.38,1,156.38,cu-245121-bal-PZLWjXAKp9,success,completed,ATi261671,2026-05-29 10:39:34+00
1075750,Invoice,1117542,156.38,1,156.38,cu-245121-bal-PZLWjXAKp9,success,completed,ATi261675,2026-06-02 08:05:21+00
1075750,Order,1316508,156.38,1,156.38,cu-245121-bal-PZLWjXAKp9,success,completed,,2026-05-29 09:36:26+00
1076259,Invoice,1117396,176.15,1,176.15,pay_aimm5oqbqf7itmmzxw4auxohtq,success,completed,GBi2381070,2026-06-01 14:04:10+00
1076259,Invoice,1117880,176.15,1,176.15,pay_aimm5oqbqf7itmmzxw4auxohtq,success,completed,GBi2381124,2026-06-02 12:36:14+00
1076259,Order,1317119,176.15,1,176.15,pay_aimm5oqbqf7itmmzxw4auxohtq,success,completed,,2026-05-31 12:22:08+00
1076358,Invoice,1117425,173.59,1,173.59,pay_cfsfmcybofxili42el36ex2dfm,success,completed,GBi2381082,2026-06-01 14:46:12+00
1076358,Invoice,1117426,173.59,1,173.59,pay_cfsfmcybofxili42el36ex2dfm,success,completed,GBi2381083,2026-06-01 14:47:08+00
1076358,Order,1314576,173.59,1,173.59,pay_cfsfmcybofxili42el36ex2dfm,success,completed,,2026-05-31 19:27:11+00
1076462,Invoice,1117522,67.75,1,67.75,IP801630092131,success,completed,NLi261616,2026-06-02 07:48:53+00
1076462,Invoice,1117772,67.75,1,67.75,IP801630092131,success,completed,NLi261620,2026-06-02 11:12:10+00
1076462,Order,1316728,67.75,1,67.75,IP801630092131,success,completed,,2026-06-01 06:09:28+00
1078197,Invoice,1118809,121.02,1,121.02,pay_bs2urjybyd2ivoxmo5jgsgd64e,success,completed,FREUi261851,2026-06-05 06:37:38+00
1078197,Invoice,1120127,121.02,1,121.02,pay_bs2urjybyd2ivoxmo5jgsgd64e,success,completed,FREUi261879,2026-06-09 13:08:18+00
1078197,Order,1308390,121.02,1,121.02,pay_bs2urjybyd2ivoxmo5jgsgd64e,success,completed,,2026-06-04 14:58:39+00
1078351,Invoice,1118989,306.10,1,306.10,IBKWEBF44nA0Cj05062026100149,success,completed,ITi262049,2026-06-05 10:43:10+00
1078351,Invoice,1118992,306.10,1,306.10,IBKWEBF44nA0Cj05062026100149,success,completed,ITi262050,2026-06-05 10:44:08+00
1078351,Order,1312004,306.10,1,306.10,IBKWEBF44nA0Cj05062026100149,success,completed,,2026-06-05 08:33:12+00
1078454,Invoice,1121646,322.35,1,322.35,pay_2m3wtvibxkhixcoveazjo532ni,success,completed,ARi2215549,2026-06-15 10:23:08+00
1078454,Invoice,1122358,322.35,1,322.35,pay_2m3wtvibxkhixcoveazjo532ni,success,completed,ARi2215589,2026-06-16 12:43:07+00
1078454,Order,1303942,322.35,1,322.35,pay_2m3wtvibxkhixcoveazjo532ni,success,completed,,2026-06-05 11:43:06+00
1078772,Invoice,1119393,536.19,1,536.19,pay_ddhppoibotiytogxamdt5mlwgm,success,completed,UPS00127,2026-06-08 10:37:13+00
1078772,Invoice,1119446,536.19,1,536.19,pay_ddhppoibotiytogxamdt5mlwgm,success,completed,GBi2381367,2026-06-08 11:14:18+00
1078772,Order,1319785,536.19,1,536.19,pay_ddhppoibotiytogxamdt5mlwgm,success,completed,,2026-06-07 06:14:19+00
1078889,Invoice,1120015,730.08,1,730.08,pay_bmxqrlybxbvildcixzimdb3mu4,fail,declined,GBi2381437,2026-06-09 11:31:17+00
1078889,Invoice,1120020,730.08,1,730.08,pay_bmxqrlybxbvildcixzimdb3mu4,fail,declined,GBi2381438,2026-06-09 11:35:56+00
1078889,Order,1319639,730.08,1,730.08,pay_bmxqrlybxbvildcixzimdb3mu4,fail,declined,,2026-06-07 16:57:17+00
1078890,Invoice,1120015,730.08,1,730.08,pay_brreqzybt4pixge2szihznc3re,success,completed,GBi2381437,2026-06-09 11:31:17+00
1078890,Invoice,1120020,730.08,1,730.08,pay_brreqzybt4pixge2szihznc3re,success,completed,GBi2381438,2026-06-09 11:35:56+00
1078890,Order,1319639,730.08,1,730.08,pay_brreqzybt4pixge2szihznc3re,success,completed,,2026-06-07 16:57:17+00
1079429,Invoice,1120383,109.99,1,109.99,pay_bqsy4sabpriy5fj7ur2cjtbzuq,success,completed,GBi2381482,2026-06-10 09:02:08+00
1079429,Invoice,1120390,109.99,1,109.99,pay_bqsy4sabpriy5fj7ur2cjtbzuq,success,completed,GBi2381487,2026-06-10 09:17:10+00
1079429,Order,1304553,109.99,1,109.99,pay_bqsy4sabpriy5fj7ur2cjtbzuq,success,completed,,2026-06-08 17:20:27+00
1081931,Invoice,1122819,348.64,1,348.64,pay_zm4wbsqb33miff4pwy4pdmnbum,success,completed,GBi2381869,2026-06-17 12:41:10+00
1081931,Invoice,1122821,348.64,1,348.64,pay_zm4wbsqb33miff4pwy4pdmnbum,success,completed,GBi2381870,2026-06-17 12:45:13+00
1081931,Order,1303114,348.64,1,348.64,pay_zm4wbsqb33miff4pwy4pdmnbum,success,completed,,2026-06-15 09:51:44+00
1082230,Invoice,1122532,405.09,1,405.09,pay_srjzx5qbi6iy7phceagu5oossm,success,completed,ATi261762,2026-06-17 08:07:19+00
1082230,Invoice,1122533,405.09,1,405.09,pay_srjzx5qbi6iy7phceagu5oossm,success,completed,ATi261763,2026-06-17 08:07:20+00
1082230,Order,1272321,405.09,1,405.09,pay_srjzx5qbi6iy7phceagu5oossm,success,completed,,2026-06-15 21:41:34+00
1082407,Invoice,1122476,111.87,1,111.87,pay_x2bkesabalpyho5rouvdfvcs4a,success,completed,ITi262116,2026-06-17 05:58:08+00
1082407,Invoice,1122673,111.87,1,111.87,pay_x2bkesabalpyho5rouvdfvcs4a,success,completed,ITi262121,2026-06-17 10:31:07+00
1082407,Order,1307480,111.87,1,111.87,pay_x2bkesabalpyho5rouvdfvcs4a,success,completed,,2026-06-16 09:57:07+00
1082716,Invoice,1122760,14.17,1,14.17,42782,success,completed,ITi262122,2026-06-17 12:02:10+00
1082716,Invoice,1122762,14.17,1,14.17,42782,success,completed,ITi262123,2026-06-17 12:07:10+00
1082716,Order,1311795,14.17,1,14.17,42782,success,completed,,2026-06-17 07:42:11+00
1082717,Invoice,1122760,63.63,1,63.63,pay_ogikofyb5qaylfvemk6koll7n4,success,completed,ITi262122,2026-06-17 12:02:10+00
1082717,Invoice,1122762,63.63,1,63.63,pay_ogikofyb5qaylfvemk6koll7n4,success,completed,ITi262123,2026-06-17 12:07:10+00
1082717,Order,1311795,63.63,1,63.63,pay_ogikofyb5qaylfvemk6koll7n4,success,completed,,2026-06-17 07:42:11+00
1084252,Invoice,1124457,504.72,1,504.72,FP65KL5807510703,success,completed,GBi2382200,2026-06-23 10:16:11+00
1084252,Invoice,1124729,504.72,1,504.72,FP65KL5807510703,success,completed,GBi2382239,2026-06-23 14:44:08+00
1084252,Order,1316949,504.72,1,504.72,FP65KL5807510703,success,completed,,2026-06-22 07:32:16+00
1084501,Invoice,1124709,139.03,1,139.03,802amezw,success,completed,GBi2382224,2026-06-23 14:04:06+00
1084501,Invoice,1125100,139.03,1,139.03,802amezw,success,completed,GBi2382297,2026-06-24 13:45:16+00
1084501,Order,1323075,139.03,1,139.03,802amezw,success,completed,,2026-06-22 12:26:59+00
1085651,Invoice,1125896,17320.11,1,17320.11,pay_ihmpu3qb27ridl4rrj6anq3w5e,success,completed,CZi261951,2026-06-29 08:33:40+00
1085651,Invoice,1127752,17320.11,1,17320.11,pay_ihmpu3qb27ridl4rrj6anq3w5e,success,completed,CZi261976,2026-07-03 07:48:29+00
1085651,Order,424464,17320.11,1,17320.11,pay_ihmpu3qb27ridl4rrj6anq3w5e,success,completed,,2026-06-24 17:33:29+00
1086026,Invoice,1126705,1031.58,1,1031.58,pay_5tgjtfabfhoidnc2v5wmhquh7a,success,completed,EUi263126,2026-06-30 10:45:24+00
1086026,Invoice,1127035,1031.58,1,1031.58,pay_5tgjtfabfhoidnc2v5wmhquh7a,success,completed,EUi263137,2026-07-01 07:55:18+00
1086026,Order,1326923,1031.58,1,1031.58,pay_5tgjtfabfhoidnc2v5wmhquh7a,success,completed,,2026-06-25 18:52:14+00
1086315,Invoice,1126488,445.29,1,445.29,pay_giwcdnybj2sinnv7abt6avuqna,success,completed,FREUi261968,2026-06-30 07:55:28+00
1086315,Invoice,1126538,445.29,1,445.29,pay_giwcdnybj2sinnv7abt6avuqna,success,completed,FREUi261971,2026-06-30 08:38:27+00
1086315,Order,1315191,445.29,1,445.29,pay_giwcdnybj2sinnv7abt6avuqna,success,completed,,2026-06-26 11:40:20+00
1086316,Invoice,1126488,11.91,1,11.91,cu-69919-bal-UhfmQPh1bJ,success,completed,FREUi261968,2026-06-30 07:55:28+00
1086316,Invoice,1126538,11.91,1,11.91,cu-69919-bal-UhfmQPh1bJ,success,completed,FREUi261971,2026-06-30 08:38:27+00
1086316,Order,1315191,11.91,1,11.91,cu-69919-bal-UhfmQPh1bJ,success,completed,,2026-06-26 11:40:20+00
1086961,Invoice,1127216,1603.71,1,1603.71,pay_k7xfjwqbytqylmsvaijqanvtgy,success,completed,ROi261572,2026-07-01 11:49:40+00
1086961,Invoice,1127254,1603.71,1,1603.71,pay_k7xfjwqbytqylmsvaijqanvtgy,success,completed,ROi261573,2026-07-01 12:15:47+00
1086961,Order,1321514,1603.71,1,1603.71,pay_k7xfjwqbytqylmsvaijqanvtgy,success,completed,,2026-06-29 11:20:31+00
1087367,Invoice,1126760,4362.63,1,4362.63,pay_vend3yyb3hvybc5xfgvo6plyyu,success,completed,CZi261961,2026-06-30 11:37:16+00
1087367,Invoice,1126773,4362.63,1,4362.63,pay_vend3yyb3hvybc5xfgvo6plyyu,success,completed,CZi261962,2026-06-30 11:57:16+00
1087367,Order,1327441,4362.63,1,4362.63,pay_vend3yyb3hvybc5xfgvo6plyyu,success,completed,,2026-06-30 08:36:10+00
1087680,Invoice,1127002,45.80,1,45.80,pay_e3hqymqbggkixei3y2wv37c3b4,success,completed,NLi261748,2026-07-01 07:18:50+00
1087680,Invoice,1127003,45.80,1,45.80,pay_e3hqymqbggkixei3y2wv37c3b4,success,completed,NLi261749,2026-07-01 07:18:50+00
1087680,Order,1328369,45.80,1,45.80,pay_e3hqymqbggkixei3y2wv37c3b4,success,completed,,2026-06-30 19:35:45+00
1088602,Invoice,1127864,0.00,1,0.00,cu-95078-bal-hLCaaSbjfL,success,completed,SKi262105,2026-07-03 09:43:51+00
1088602,Invoice,1127865,0.00,1,0.00,cu-95078-bal-hLCaaSbjfL,success,completed,SKi262106,2026-07-03 09:43:52+00
1088602,Order,1326819,0.00,1,0.00,cu-95078-bal-hLCaaSbjfL,success,completed,,2026-07-03 06:13:14+00
1089185,Invoice,1128585,0.00,1,0.00,cu-52156-bal-9MBeE2FE0i,success,completed,PLi262930,2026-07-07 06:20:27+00
1089185,Invoice,1128799,0.00,1,0.00,cu-52156-bal-9MBeE2FE0i,success,completed,PLi262936,2026-07-07 10:43:59+00
1089185,Order,1330085,0.00,1,0.00,cu-52156-bal-9MBeE2FE0i,success,completed,,2026-07-05 11:18:47+00
1089476,Invoice,1128585,788.10,1,788.10,#2233101782,success,completed,PLi262930,2026-07-07 06:20:27+00
1089476,Invoice,1128799,788.10,1,788.10,#2233101782,success,completed,PLi262936,2026-07-07 10:43:59+00
1089476,Order,1330085,788.10,1,788.10,#2233101782,success,completed,,2026-07-06 09:08:21+00
1089749,Invoice,1128657,0.00,1,0.00,cu-95078-bal-SHKwUg316m,success,completed,SKi262117,2026-07-07 08:07:25+00
1089749,Invoice,1128658,0.00,1,0.00,cu-95078-bal-SHKwUg316m,success,completed,SKi262118,2026-07-07 08:07:26+00
1089749,Order,1330761,0.00,1,0.00,cu-95078-bal-SHKwUg316m,success,completed,,2026-07-06 16:18:53+00
1091407,Invoice,1130231,41.80,1,41.80,pay_sdjreyaboxlildzcy6b7mn7sd4,success,completed,EUi263221,2026-07-13 06:27:55+00
1091407,Invoice,1131249,41.80,1,41.80,pay_sdjreyaboxlildzcy6b7mn7sd4,success,completed,EUi263241,2026-07-15 06:50:50+00
1091407,Order,1332380,41.80,1,41.80,pay_sdjreyaboxlildzcy6b7mn7sd4,success,completed,,2026-07-10 13:57:10+00
1091453,Invoice,1130246,311.79,1,311.79,pay_6euw34abs5ayxjsovaipz5tsoq,success,completed,FREUi262044,2026-07-13 07:50:25+00
1091453,Invoice,1133295,311.79,1,311.79,pay_6euw34abs5ayxjsovaipz5tsoq,success,completed,FREUi262087,2026-07-22 06:29:56+00
1091453,Order,1332439,311.79,1,311.79,pay_6euw34abs5ayxjsovaipz5tsoq,success,completed,,2026-07-10 16:21:24+00
1092289,Invoice,1131635,2798.17,1,2798.17,pay_fufq5hibzwri3c7so2jewmcydm,success,completed,EUi263254,2026-07-16 06:28:08+00
1092289,Invoice,1131968,2798.17,1,2798.17,pay_fufq5hibzwri3c7so2jewmcydm,success,completed,EUi263265,2026-07-16 14:03:26+00
1092289,Order,1300553,2798.17,1,2798.17,pay_fufq5hibzwri3c7so2jewmcydm,success,completed,,2026-07-13 18:46:34+00
1092765,Invoice,1131687,885.00,1,885.00,pay_o4r5luqbambyrebdcspaq7pxfy,success,completed,SEi2601171,2026-07-16 07:56:45+00
1092765,Invoice,1131739,885.00,1,885.00,pay_o4r5luqbambyrebdcspaq7pxfy,success,completed,SEi2601172,2026-07-16 09:05:46+00
1092765,Order,1313060,885.00,1,885.00,pay_o4r5luqbambyrebdcspaq7pxfy,success,completed,,2026-07-14 19:57:09+00
1093224,Invoice,1131962,775.83,1,775.83,pay_bvu32vqbkweijcybvc5g657ly4,success,completed,ROi261618,2026-07-16 13:59:54+00
1093224,Invoice,1138942,775.83,1,775.83,pay_bvu32vqbkweijcybvc5g657ly4,success,completed,ROi261695,2026-08-07 10:54:39+00
1093224,Order,1331831,775.83,1,775.83,pay_bvu32vqbkweijcybvc5g657ly4,success,completed,,2026-07-16 05:40:10+00
1093279,Invoice,1131745,4.80,1,4.80,pay_rjlcfoyb4s5ite2sydgxyko2mi,success,completed,GBi2383472,2026-07-16 09:27:45+00
1093279,Invoice,1133017,4.80,1,4.80,pay_rjlcfoyb4s5ite2sydgxyko2mi,success,completed,GBi2383646,2026-07-21 09:45:04+00
1093279,Order,1325785,4.80,1,4.80,pay_rjlcfoyb4s5ite2sydgxyko2mi,success,completed,,2026-07-16 07:47:26+00
1093285,Invoice,1131687,-172.50,1,-172.50,cu-01KXMYV4XG3ZZ56S9B2259689M,success,completed,SEi2601171,2026-07-16 07:56:45+00
1093285,Invoice,1131739,-172.50,1,-172.50,cu-01KXMYV4XG3ZZ56S9B2259689M,success,completed,SEi2601172,2026-07-16 09:05:46+00
1093285,Order,1313060,-172.50,1,-172.50,cu-01KXMYV4XG3ZZ56S9B2259689M,success,completed,,2026-07-16 07:56:45+00
1093327,Invoice,1131790,270.23,1,270.23,pay_eqldsvybxghibofkx2gpo6qv4q,success,completed,GBi2383473,2026-07-16 10:21:34+00
1093327,Invoice,1133028,270.23,1,270.23,pay_eqldsvybxghibofkx2gpo6qv4q,success,completed,GBi2383647,2026-07-21 09:57:24+00
1093327,Order,1334048,270.23,1,270.23,pay_eqldsvybxghibofkx2gpo6qv4q,success,completed,,2026-07-16 09:06:38+00
1093387,Invoice,1131828,199.61,1,199.61,pay_pqzz4xqbu7cyva7gwshga6zgdi,success,completed,GBi2383478,2026-07-16 11:06:47+00
1093387,Invoice,1133032,199.61,1,199.61,pay_pqzz4xqbu7cyva7gwshga6zgdi,success,completed,GBi2383648,2026-07-21 09:59:59+00
1093387,Order,1334444,199.61,1,199.61,pay_pqzz4xqbu7cyva7gwshga6zgdi,success,completed,,2026-07-16 10:31:16+00
1093433,Invoice,1132018,131.53,1,131.53,pay_fqnlp7ab4exide64a5mtjz3abu,success,completed,GBi2383500,2026-07-17 07:43:22+00
1093433,Invoice,1133082,131.53,1,131.53,pay_fqnlp7ab4exide64a5mtjz3abu,success,completed,GBi2383659,2026-07-21 10:45:47+00
1093433,Order,1329008,131.53,1,131.53,pay_fqnlp7ab4exide64a5mtjz3abu,success,completed,,2026-07-16 12:02:37+00
1093454,Invoice,1131975,153.77,1,153.77,pay_y45kxcibly4i3ludiwx7lutwhq,success,completed,GBi2383493,2026-07-16 14:19:21+00
1093454,Invoice,1133070,153.77,1,153.77,pay_y45kxcibly4i3ludiwx7lutwhq,success,completed,GBi2383656,2026-07-21 10:38:34+00
1093454,Order,1320325,153.77,1,153.77,pay_y45kxcibly4i3ludiwx7lutwhq,success,completed,,2026-07-16 12:45:22+00
1093626,Invoice,1132027,164.32,1,164.32,pay_dpur3sybjc5ybllp7whnxqmo3u,success,completed,GBi2383502,2026-07-17 08:00:42+00
1093626,Invoice,1133089,164.32,1,164.32,pay_dpur3sybjc5ybllp7whnxqmo3u,success,completed,GBi2383660,2026-07-21 10:50:27+00
1093626,Order,1334707,164.32,1,164.32,pay_dpur3sybjc5ybllp7whnxqmo3u,success,completed,,2026-07-17 04:42:43+00
1093636,Invoice,1132049,245.16,1,245.16,pay_6rqeqoabog7ypk6rmrejqeryby,success,completed,GBi2383506,2026-07-17 08:23:59+00
1093636,Invoice,1133096,245.16,1,245.16,pay_6rqeqoabog7ypk6rmrejqeryby,success,completed,GBi2383661,2026-07-21 10:55:41+00
1093636,Order,1331316,245.16,1,245.16,pay_6rqeqoabog7ypk6rmrejqeryby,success,completed,,2026-07-17 06:10:36+00
1093666,Invoice,1132007,0.55,1,0.55,pay_hmxdhjqbps5yhhyz3j75itsjlq,success,completed,GBi2383498,2026-07-17 07:32:36+00
1093666,Invoice,1133078,0.55,1,0.55,pay_hmxdhjqbps5yhhyz3j75itsjlq,success,completed,GBi2383657,2026-07-21 10:42:55+00
1093666,Order,1334031,0.55,1,0.55,pay_hmxdhjqbps5yhhyz3j75itsjlq,success,completed,,2026-07-17 07:28:31+00
1093672,Invoice,1132050,180.94,1,180.94,pay_sklanlqbvr3yzmdeftbxy5epne,success,completed,GBi2383507,2026-07-17 08:26:03+00
1093672,Invoice,1133103,180.94,1,180.94,pay_sklanlqbvr3yzmdeftbxy5epne,success,completed,GBi2383662,2026-07-21 10:58:19+00
1093672,Order,1321598,180.94,1,180.94,pay_sklanlqbvr3yzmdeftbxy5epne,success,completed,,2026-07-17 07:39:02+00
1093819,Invoice,1132806,1329.10,1,1329.10,pay_n5ihfgib4mdyvlbli2trvnpz3q,success,completed,ROi261626,2026-07-21 06:01:56+00
1093819,Invoice,1132992,1329.10,1,1329.10,pay_n5ihfgib4mdyvlbli2trvnpz3q,success,completed,ROi261630,2026-07-21 09:25:57+00
1093819,Invoice,1132999,1329.10,1,1329.10,pay_n5ihfgib4mdyvlbli2trvnpz3q,success,completed,ROi261631,2026-07-21 09:28:55+00
1093819,Order,1334896,1329.10,1,1329.10,pay_n5ihfgib4mdyvlbli2trvnpz3q,success,completed,,2026-07-17 12:55:17+00
1094277,Invoice,1132940,402.70,1,402.70,pay_w3jy4qyba5qillohjtgt4xp53q,success,completed,ATi261904,2026-07-21 08:46:19+00
1094277,Invoice,1134077,402.70,1,402.70,pay_w3jy4qyba5qillohjtgt4xp53q,success,completed,ATi261923,2026-07-24 06:39:11+00
1094277,Invoice,1134232,402.70,1,402.70,pay_w3jy4qyba5qillohjtgt4xp53q,success,completed,ATi261924,2026-07-24 10:17:38+00
1094277,Order,1278014,402.70,1,402.70,pay_w3jy4qyba5qillohjtgt4xp53q,success,completed,,2026-07-19 11:59:45+00
1095170,Invoice,1132940,-5.12,1,-5.12,cu-01KY1XNG4ZZ555Z98HMW275AX9,success,cancelled,ATi261904,2026-07-21 08:46:19+00
1095170,Invoice,1134077,-5.12,1,-5.12,cu-01KY1XNG4ZZ555Z98HMW275AX9,success,cancelled,ATi261923,2026-07-24 06:39:11+00
1095170,Invoice,1134232,-5.12,1,-5.12,cu-01KY1XNG4ZZ555Z98HMW275AX9,success,cancelled,ATi261924,2026-07-24 10:17:38+00
1095170,Order,1278014,-5.12,1,-5.12,cu-01KY1XNG4ZZ555Z98HMW275AX9,success,cancelled,,2026-07-21 08:46:19+00
1095879,Invoice,1133949,171.84,1,171.84,pay_vwzewrab5x5i7bzfaf3xb2cffi,success,completed,ITi262312,2026-07-23 12:13:01+00
1095879,Invoice,1136098,171.84,1,171.84,pay_vwzewrab5x5i7bzfaf3xb2cffi,success,completed,ITi262363,2026-07-30 11:17:20+00
1095879,Order,1331917,171.84,1,171.84,pay_vwzewrab5x5i7bzfaf3xb2cffi,success,completed,,2026-07-22 13:56:52+00
1095880,Invoice,1133949,26.78,1,26.78,cu-213191-bal-pB8rhwxKEJ,success,completed,ITi262312,2026-07-23 12:13:01+00
1095880,Invoice,1136098,26.78,1,26.78,cu-213191-bal-pB8rhwxKEJ,success,completed,ITi262363,2026-07-30 11:17:20+00
1095880,Order,1331917,26.78,1,26.78,cu-213191-bal-pB8rhwxKEJ,success,completed,,2026-07-22 13:56:52+00
1096109,Invoice,1132940,5.14,1,5.14,,success,cancelled,ATi261904,2026-07-23 08:31:42+00
1096109,Invoice,1134077,5.14,1,5.14,,success,cancelled,ATi261923,2026-07-24 06:39:11+00
1096109,Invoice,1134232,5.14,1,5.14,,success,cancelled,ATi261924,2026-07-24 10:17:38+00
1096109,Order,1278014,5.14,1,5.14,,success,cancelled,,2026-07-23 08:31:42+00
1096119,Invoice,1134194,0.00,1,0.00,cu-733146-bal-AetqjGMdci,success,completed,EUi263342,2026-07-24 09:22:13+00
1096119,Invoice,1135133,0.00,1,0.00,cu-733146-bal-AetqjGMdci,success,completed,EUi263369,2026-07-28 10:09:11+00
1096119,Order,1337066,0.00,1,0.00,cu-733146-bal-AetqjGMdci,success,completed,,2026-07-23 08:45:52+00
1096427,Invoice,1134077,-0.02,1,-0.02,ref-bal-01KY9DHJEP7STADQA4XDH13TPE,success,cancelled,ATi261923,2026-07-24 06:39:11+00
1096427,Invoice,1134232,-0.02,1,-0.02,ref-bal-01KY9DHJEP7STADQA4XDH13TPE,success,cancelled,ATi261924,2026-07-24 10:17:38+00
1096427,Order,1278014,-0.02,1,-0.02,ref-bal-01KY9DHJEP7STADQA4XDH13TPE,success,cancelled,,2026-07-24 06:38:28+00
1096463,Invoice,1134194,410.19,1,410.19,B260723M3816401,success,completed,EUi263342,2026-07-24 09:22:13+00
1096463,Invoice,1135133,410.19,1,410.19,B260723M3816401,success,completed,EUi263369,2026-07-28 10:09:11+00
1096463,Order,1337066,410.19,1,410.19,B260723M3816401,success,completed,,2026-07-24 08:19:09+00
1096523,Invoice,1137237,0.00,1,0.00,cu-26247-bal-8021wk6ZIO,success,completed,EUi263453,2026-08-03 14:20:29+00
1096523,Invoice,1144761,0.00,1,0.00,cu-26247-bal-8021wk6ZIO,success,completed,EUi263697,2026-08-26 08:12:07+00
1096523,Order,1288825,0.00,1,0.00,cu-26247-bal-8021wk6ZIO,success,completed,,2026-07-24 09:39:29+00
1096589,Invoice,1135024,154.51,1,154.51,pay_mnd72xqbfffifmnrm3hg2kb7cm,success,completed,GBi2383952,2026-07-28 08:11:54+00
1096589,Invoice,1136285,154.51,1,154.51,pay_mnd72xqbfffifmnrm3hg2kb7cm,success,completed,GBi2384184,2026-07-30 14:48:45+00
1096589,Order,1290776,154.51,1,154.51,pay_mnd72xqbfffifmnrm3hg2kb7cm,success,completed,,2026-07-24 11:20:56+00
1096594,Invoice,1134402,216.27,1,216.27,pay_6zhdq2ab6soyfpgx2yaxq3cv44,success,completed,EUi263350,2026-07-24 13:00:17+00
1096594,Invoice,1134600,216.27,1,216.27,pay_6zhdq2ab6soyfpgx2yaxq3cv44,success,completed,EUi263356,2026-07-27 09:30:27+00
1096594,Order,1337601,216.27,1,216.27,pay_6zhdq2ab6soyfpgx2yaxq3cv44,success,completed,,2026-07-24 11:26:04+00
1097380,Invoice,1137237,2395.17,1,2395.17,3620505990,success,completed,EUi263453,2026-08-03 14:20:29+00
1097380,Invoice,1144761,2395.17,1,2395.17,3620505990,success,completed,EUi263697,2026-08-26 08:12:07+00
1097380,Order,1288825,2395.17,1,2395.17,3620505990,success,completed,,2026-07-27 08:41:11+00
1097714,Invoice,1136028,26.40,1,26.40,pay_dplocuqb4x4i7eds44ozl4iowm,success,completed,GBi2384134,2026-07-30 09:55:25+00
1097714,Invoice,1136029,26.40,1,26.40,pay_dplocuqb4x4i7eds44ozl4iowm,success,completed,GBi2384135,2026-07-30 09:55:26+00
1097714,Order,1337095,26.40,1,26.40,pay_dplocuqb4x4i7eds44ozl4iowm,success,completed,,2026-07-27 14:43:28+00
1098584,Invoice,1136825,55.00,1,55.00,pay_ai42zribbubyjdbqe6l4h3xyke,success,completed,GBi2384277,2026-08-03 07:52:30+00
1098584,Invoice,1136826,55.00,1,55.00,pay_ai42zribbubyjdbqe6l4h3xyke,success,completed,GBi2384278,2026-08-03 07:52:30+00
1098584,Order,1296774,55.00,1,55.00,pay_ai42zribbubyjdbqe6l4h3xyke,success,completed,,2026-07-29 11:54:07+00
1099246,Invoice,1136388,6370.96,1,6370.96,pay_khiylcibunmyrgbe5gknomlf7u,success,completed,PLi263158,2026-07-31 09:02:00+00
1099246,Invoice,1139673,6370.96,1,6370.96,pay_khiylcibunmyrgbe5gknomlf7u,success,completed,PLi263239,2026-08-10 13:56:27+00
1099246,Order,1303323,6370.96,1,6370.96,pay_khiylcibunmyrgbe5gknomlf7u,success,completed,,2026-07-30 22:08:48+00
1099333,Invoice,1137237,196.80,1,196.80,3621119512,success,completed,EUi263453,2026-08-03 14:20:29+00
1099333,Invoice,1144761,196.80,1,196.80,3621119512,success,completed,EUi263697,2026-08-26 08:12:07+00
1099333,Order,1288825,196.80,1,196.80,3621119512,success,completed,,2026-07-31 08:26:52+00
1099339,Invoice,1136782,439.51,1,439.51,pay_iukgamybqkzitcsapotfoay54i,success,completed,FREUi262140,2026-08-03 06:10:18+00
1099339,Invoice,1138710,439.51,1,439.51,pay_iukgamybqkzitcsapotfoay54i,success,completed,FREUi262174,2026-08-07 07:18:54+00
1099339,Order,1339526,439.51,1,439.51,pay_iukgamybqkzitcsapotfoay54i,success,completed,,2026-07-31 08:28:54+00
1099665,Invoice,1136863,15.92,1,15.92,pay_xtoes7ybislyplcxprqnsswx2y,success,completed,inv-awd-2619638,2026-08-03 08:30:57+00
1099665,Invoice,1136864,15.92,1,15.92,pay_xtoes7ybislyplcxprqnsswx2y,success,completed,inv-awd-2619639,2026-08-03 08:31:35+00
1099665,Order,1340419,15.92,1,15.92,pay_xtoes7ybislyplcxprqnsswx2y,success,completed,,2026-07-31 18:03:18+00
1099879,Invoice,1138050,289.00,1,289.00,pay_pcl7qhab6joy5oibcfxda56bsq,success,completed,GBi2384472,2026-08-05 11:49:21+00
1099879,Invoice,1138090,289.00,1,289.00,pay_pcl7qhab6joy5oibcfxda56bsq,success,completed,GBi2384477,2026-08-05 12:26:13+00
1099879,Order,1331940,289.00,1,289.00,pay_pcl7qhab6joy5oibcfxda56bsq,success,completed,,2026-08-01 16:07:55+00
1100303,Invoice,1136863,-3.58,1,-3.58,cu-01KZ3BYPZ4QC8K8DH7QDDA27V1,success,completed,inv-awd-2619638,2026-08-03 08:30:57+00
1100303,Invoice,1136864,-3.58,1,-3.58,cu-01KZ3BYPZ4QC8K8DH7QDDA27V1,success,completed,inv-awd-2619639,2026-08-03 08:31:35+00
1100303,Order,1340419,-3.58,1,-3.58,cu-01KZ3BYPZ4QC8K8DH7QDDA27V1,success,completed,,2026-08-03 08:30:57+00
1100553,Invoice,1138236,1569.86,1,1569.86,EU46620,success,cancelled,EUi263483,2026-08-06 04:31:09+00
1100553,Invoice,1138987,1569.86,1,1569.86,EU46620,success,cancelled,EUi263509,2026-08-07 12:03:48+00
1100553,Order,1338539,1569.86,1,1569.86,EU46620,success,cancelled,,2026-08-03 14:06:30+00
1100554,Invoice,1138236,56.52,1,56.52,cu-55014-bal-ChNQIhdAl2,success,cancelled,EUi263483,2026-08-06 04:31:09+00
1100554,Invoice,1138987,56.52,1,56.52,cu-55014-bal-ChNQIhdAl2,success,cancelled,EUi263509,2026-08-07 12:03:48+00
1100554,Order,1338539,56.52,1,56.52,cu-55014-bal-ChNQIhdAl2,success,cancelled,,2026-08-03 14:06:30+00
1101670,Invoice,1138236,-83.84,1,-83.84,cu-01KZANDRW0RNNCPGB59SWE8H24,success,cancelled,EUi263483,2026-08-06 04:31:09+00
1101670,Invoice,1138987,-83.84,1,-83.84,cu-01KZANDRW0RNNCPGB59SWE8H24,success,cancelled,EUi263509,2026-08-07 12:03:48+00
1101670,Order,1338539,-83.84,1,-83.84,cu-01KZANDRW0RNNCPGB59SWE8H24,success,cancelled,,2026-08-06 04:31:09+00
1104107,Invoice,1141147,417.00,1,417.00,pay_lb4t7oabf2kixnjct4glxbqh2e,success,completed,GBi2385123,2026-08-14 07:41:19+00
1104107,Invoice,1142090,417.00,1,417.00,pay_lb4t7oabf2kixnjct4glxbqh2e,success,completed,GBi2385287,2026-08-18 07:54:58+00
1104107,Order,1345090,417.00,1,417.00,pay_lb4t7oabf2kixnjct4glxbqh2e,success,completed,,2026-08-12 12:46:58+00
1105047,Invoice,1141703,304.91,1,304.91,pay_7mp4jlabyx4y3p5kbd2vwc4oze,success,completed,GBi2385231,2026-08-17 10:41:27+00
1105047,Invoice,1141747,304.91,1,304.91,pay_7mp4jlabyx4y3p5kbd2vwc4oze,success,completed,GBi2385237,2026-08-17 11:13:29+00
1105047,Order,1343544,304.91,1,304.91,pay_7mp4jlabyx4y3p5kbd2vwc4oze,success,completed,,2026-08-15 09:46:44+00
1105356,Invoice,1142311,73.99,1,73.99,pay_arifqxyb6dvyzffo6jjgp6f3du,success,completed,ITi262450,2026-08-18 12:00:23+00
1105356,Invoice,1142456,73.99,1,73.99,pay_arifqxyb6dvyzffo6jjgp6f3du,success,completed,ITi262452,2026-08-18 14:10:25+00
1105356,Order,1338359,73.99,1,73.99,pay_arifqxyb6dvyzffo6jjgp6f3du,success,completed,,2026-08-16 22:06:26+00
1105628,Invoice,1143449,531.51,1,531.51,pay_7efbyrybdbiyrgc7rhmnfdgwr4,success,completed,ARi2216338,2026-08-21 11:26:10+00
1105628,Invoice,1144657,531.51,1,531.51,pay_7efbyrybdbiyrgc7rhmnfdgwr4,success,completed,ARi2216384,2026-08-25 14:21:07+00
1105628,Order,1346801,531.51,1,531.51,pay_7efbyrybdbiyrgc7rhmnfdgwr4,success,completed,,2026-08-17 10:54:10+00
1109225,Invoice,1145312,251.56,1,251.56,pay_hz2mrfqblt2ivlwnzgdgxusyia,success,completed,GBi2385907,2026-08-27 10:27:36+00
1109225,Invoice,1145466,251.56,1,251.56,pay_hz2mrfqblt2ivlwnzgdgxusyia,success,completed,GBi2385936,2026-08-27 13:23:32+00
1109225,Order,1349909,251.56,1,251.56,pay_hz2mrfqblt2ivlwnzgdgxusyia,success,completed,,2026-08-24 20:26:57+00
1109343,Invoice,1145031,5.00,1,5.00,02245,success,completed,ARi2216400,2026-08-26 13:05:12+00
1109343,Invoice,1145290,5.00,1,5.00,02245,success,completed,ARi2216408,2026-08-27 10:09:09+00
1109343,Order,1349028,5.00,1,5.00,02245,success,completed,,2026-08-25 08:11:27+00
1109344,Invoice,1145031,208.12,1,208.12,pay_vrms5cybwlmyfp2a7ht52cv6si,success,completed,ARi2216400,2026-08-26 13:05:12+00
1109344,Invoice,1145290,208.12,1,208.12,pay_vrms5cybwlmyfp2a7ht52cv6si,success,completed,ARi2216408,2026-08-27 10:09:09+00
1109344,Order,1349028,208.12,1,208.12,pay_vrms5cybwlmyfp2a7ht52cv6si,success,completed,,2026-08-25 08:11:27+00
1110354,Invoice,1145312,-14.26,1,-14.26,cu-01M11C5HVZQ5B921R18Z1KQMGH,success,completed,GBi2385907,2026-08-27 10:27:36+00
1110354,Invoice,1145466,-14.26,1,-14.26,cu-01M11C5HVZQ5B921R18Z1KQMGH,success,completed,GBi2385936,2026-08-27 13:23:32+00
1110354,Order,1349909,-14.26,1,-14.26,cu-01M11C5HVZQ5B921R18Z1KQMGH,success,completed,,2026-08-27 10:27:36+00
